title,price,rating,brand,ram,storage,color,processor
"HP Omnibook 3, Snapdragon X Processor 45 Tops (16GB LPDDR5x,512GB SSD) 2K WUXGA, 14''/35.6cm, Win 11, M365*Office 24,Silver,1.42kg, hz0026QU/ hz0024QU, Lighter mini Charger, FHD IR Camera, AI Laptop",69990.0,,HP,16,512.0,Silver,Apple M365
"Dell 15 (Previously Inspiron), R5-7520U Processor, 8GB LPDDR5 RAM, 512GB SSD, FHD 15.6""/39.62 cm Display, Windows 11 Home, Carbon Black, 1.63kg, Standard Keyboard, 15 Month McAfee, Thin & Light Laptop",53990.0,,Dell,8,512.0,Black,
"Lenovo V15 G4 AMD Athlon Silver 7120U Laptop 8GB LPDDR5 Ram, 512 GB SSD PCIe, Windows 11 Lifetime Validity,15.6"" FHD Screen, AMD Radeon 610M, Silver, 1 Year Brand Warranty",44999.0,,Lenovo,8,512.0,Silver,AMD
"Acer Smartchoice Aspire One, AMD Ryzen 3-7320U, 8GB LPDDR5 RAM/ 256GB SSD, 14.0""/35.56cm TN HD Display, Win 11 Home, Pure Silver, 1.48KG, A114-43, Thin and Light Laptop",42990.0,,Acer,8,256.0,Silver,Apple A114
"Apple 2026 MacBook Neo 13″ Laptop with A18 Pro chip: Built for AI and Apple Intelligence, Liquid Retina Display, 8GB Unified Memory, 256GB SSD Storage, 1080p FaceTime HD Camera; Blush",73990.0,,Apple,8,256.0,Midnight,Apple A18
"Dell 15 AI Powered Laptop, Intel Core Ultra 5 225H, 8GB DDR5 RAM, 512GB SSD, 15.6"" FHD Anti-Glare Display, Intel Arc Graphics, Standard Keyboard, Dedicated Copilot Key, Black, Win11 Home + MSO H&S'24",73490.0,,Dell,8,512.0,Black,Intel
"Dell 15 SmartChoice (Previously Inspiron), Intel 13th Gen Core i5-1334U, 16GB, 1TB SSD, FHD,15.6""/39.62cm, Win 11, MSO'24, Silver, 1.62kg, [Dell 15], 12 Month McAfee, Backlit KB, Thin & Light Laptop",72990.0,,Dell,16,1024.0,Silver,Intel
"ASUS Vivobook 16,Smartchoice, 13th Gen, Intel Core i5-13420H,16GB RAM,512GB SSD,FHD, OLED,Win 11,M365 Basic (1Y),Backlit Keyboard,Office 2024,Silver,1.88 kg,X1605VA-SH1952WS, Thin & Light Laptop",67990.0,,ASUS,16,512.0,Silver,Apple M365
"Dell 15 (Previously Inspiron) Laptop, 14th Gen Intel Core i3/Core 3 100U Processor, 16GB DDR4, 512 SSD, Intel UHD Graphics, 15.6"" FHD 120Hz IPS AG 250 nit Display, Win 11 + Office 2024, Black, 1.63Kg",62490.0,,Dell,16,512.0,Black,Intel
"Apple 2026 MacBook Pro Laptop with M5 Max chip with 18‑core CPU and 32‑core GPU: Built for AI, 35.97 cm (14.2″) Liquid Retina XDR Display, 36GB Unified Memory, 2TB SSD Storage; Space Black",464490.0,,Apple,36,2048.0,Black,Apple M5
"Acer Aspire Lite, AMD Ryzen 3-5400U, 8 GB RAM, 512 GB SSD, Full HD 15.6""/39.62 cm, Windows 11 Home, Steel Gray, 1.59 KG, AL15-41, Premium Laptop",42990.0,,Acer,16,512.0,Gray,AMD
"Acer Aspire One, Intel Core Celeron N4500, 8GB LPDDR4 RAM/ 256GB SSD, 14.0""/35.56cm WXGA Display, Intel UHD Graphics, Win 11 Home, Pure Silver, 1.3 Kg, A114-45, Thin and Light Laptop",35990.0,,Acer,8,256.0,Silver,Apple A114
"HP 15 Smartchoice, 13th Gen Intel Core i3-1315U (12GB DDR4, 512GB SSD) FHD, Anti-Glare, Micro-Edge, 15.6''/39.6cm, Win11, M365(1yr)*Office24, Silver, 1.59kg, fd0573TU, FHD Camera w/Shutter Laptop",44990.0,,HP,12,512.0,Silver,Apple M365
"Apple 2026 MacBook Neo 13"" Laptop with A18 Pro chip: Built for AI and Apple Intelligence, Liquid Retina Display, 8GB Unified Memory, 512GB SSD Storage, 1080p FaceTime HD Camera, Touch ID; Indigo",83490.0,,Apple,8,512.0,Indigo,Apple A18
"Acer Smartchoice Aspire One, AMD Ryzen 5-40, 8GB LPDDR5 RAM/ 256GB SSD, 14.0""/35.56cm WXGA Display, Win 11 Home, Pure Silver, 1.48KG, A114-43, Thin and Light Laptop",44990.0,,Acer,8,256.0,Silver,Apple A114
"Apple 2026 MacBook Neo 13"" Laptop with A18 Pro chip: Built for AI and Apple Intelligence, Liquid Retina Display, 8GB Unified Memory, 512GB SSD Storage, 1080p FaceTime HD Camera, Touch ID; Silver",83490.0,,Apple,8,512.0,Silver,Apple A18
"ASUS Vivobook 15, Smartchoice,Intel Corei5 13thGen 13420H, 16GB RAM, 512GB SSD, FHD 15.6"", Win11, Office Home'24, M365 Basic (1Year)*, Cool Silver, 1.70kg, X1502VA-BQ835WS, Intel UHD iGPU, Laptop",65990.0,,ASUS,16,512.0,Silver,Apple M365
"Acer Aspire 3 Laptop Intel Core Celeron N4500 Processor Laptop (8 GB LPDDR4X SDRAM/256 GB SSD/Win11 Home/38 WHR/HD Webcam) A325-45 with 39.63 cm (15.6"") HD Display, Pure Silver, 1.5 KG",35670.0,,Acer,4,256.0,Silver,Apple A325
𝗟𝗲𝗻𝗼𝘃𝗼_Model L490 Laptop| Core i5 8th Gen | 8GB Fast RAM | 512GB SSD | 14-inch HD Display Win 10| (Pre-Owned & Tested),25999.0,,Unknown,8,512.0,Black,
"HP Chromebook 14, MediaTek Kompanio 540 (4GB LPDDR5, 128GB UFS) HD, Anti-Glare, Micro-Edge, 14''/35.6cm, ChromeOS, 100 GB Google One(1yr), Modern Gray,1.35kg, nm0004MU, HD Camera w/Shutter Laptop",29990.0,,HP,4,512.0,Gray,MediaTek
Acer Pro 15 Ryzen 3 7320U 15.6 inch Full HD,49990.0,,Acer,16,512.0,Black,
"ASUS Vivobook S14, Intel Core Ultra 5 225H, Intel iGPU,16GB RAM,512GB SSD, FHD+,14"",60Hz,Windows 11,M365 Basic (1Year)*,Office Home 2024,Cool Silver,1.4 Kg, S3407CA-LY060WS, Metallic Design Laptop",82990.0,,ASUS,16,512.0,Silver,Apple M365
"Acer Smartchoice Aspire One, AMD Ryzen 5-40, 8GB LPDDR5 RAM/ 512GB SSD, 14.0""/35.56cm WXGA Display, Win 11 Home, Pure Silver, 1.48KG, A114-43, Thin and Light Laptop",47990.0,,Acer,8,512.0,Silver,Apple A114
"HP 15 Laptop, AMD Ryzen 7 7730U (16GB DDR4,512GB SSD) Anti-Glare, Micro-Edge,15.6''/39.6cm, FHD, Win11, M365 Basic(1yr),Office Home24,Silver,1.59kg,FHD Camera w/Privacy Shutter, Backlit KB, fc0761AU",69590.0,,HP,16,512.0,Silver,Apple M365
"HP Professional 15 (2026), Intel (i3 14th Gen) Core 3 100U - (8 GB DDR5/512 GB SSD/Intel UHD Graphics/Windows 11 Home) Thin & Light Business Laptop/15.6"" Display/Silver/Copilot Key/1.5kg/MSO 2024",51400.0,,HP,5,512.0,Silver,Intel
"JioBook 11 with Lifetime Office | Android 4G Laptop Mediatek 8788 (JioOS) | Octa-core | 4GB RAM | 64 eMMC Storage | Thin and Light Laptop (11.6 inch, 990 Grams) | Dual Band WiFi + SIM | Blue",9999.0,,JioBook,4,512.0,Blue,MediaTek
"Dell 15 (Previously Inspiron), R5-7520U Processor, 8GB LPDDR5 RAM, 512GB SSD, FHD 15.6""/39.62 cm Display, Windows 11 Home, Carbon Black, 1.63kg, Standard Keyboard, 15 Month McAfee, Thin & Light Laptop",53990.0,,Dell,8,512.0,Black,
"ASUS Chromebook CM1405 (2026), Smartchoice, MediaTek Kompanio 540 Processor, 4GB RAM, 64GB SSD, FHD, 14""(35.5 cm), 60Hz, Chrome OS, Pure Grey, 1.37 Kg, CM1405CM4A-S60034, Thin & Light Laptop",28990.0,,ASUS,4,64.0,Grey,MediaTek
"ASUS Chromebook CM1405 (2026), Smartchoice, MediaTek Kompanio 540 Processor, 4GB RAM, 64GB SSD, FHD, 14""(35.5 cm), 60Hz, Chrome OS, Pure Grey, 1.37 Kg, CM1405CM4A-S60034, Thin & Light Laptop",28990.0,,ASUS,4,64.0,Grey,MediaTek
"Dell 15 AI Powered Laptop, Intel Core Ultra 5 225H, 8GB DDR5 RAM, 512GB SSD, 15.6"" FHD Anti-Glare Display, Intel Arc Graphics, Standard Keyboard, Dedicated Copilot Key, Black, Win11 Home + MSO H&S'24",73490.0,,Dell,8,512.0,Black,Intel
"Lenovo V14 Intel Core i3 13th Gen 14"" FHD (1920x1080) Antiglare 250 Nits Thin and Light Laptop (16GB RAM/512GB SSD/Windows 11 Home/Office Home 2024/Iron Grey/1.43 kg), 83A0A0PCIN",70990.0,,Lenovo,16,512.0,Grey,Intel
"Acer Smartchoice Aspire One, AMD Ryzen 3-7320U, 8GB LPDDR5 RAM/ 512GB SSD, 14.0""/35.56cm TN HD Display, Win 11 Home, Pure Silver, 1.48KG, A114-43, Thin and Light Laptop",46990.0,,Acer,8,512.0,Silver,Apple A114
"HP 15, AMD Ryzen 3 7320U (8GB LPDDR5, 512GB SSD) FHD, Anti-Glare, Micro-Edge, 15.6""/39.6cm, Win 11, Office 21, Silver, 1.59kg, fc0154AU, AMD Radeon Graphics, 1080p FHD Camera Laptop",49450.0,,HP,8,512.0,Silver,AMD
"HP Omnibook 5 OLED (Previously Pavilion), Snapdragon X Processor 45 Tops (16GB LPDDR5x, 1TB SSD) 2K,16''/40.6cm, Win11, Office24, Silver, 1.59kg, fb0001QU, Multi-Day Battery AI Laptop",84990.0,,HP,16,1024.0,Silver,Snapdragon
"HP 15 Smartchoice, 13th Gen Intel Core i5-1334U (16GB DDR4, 1TB SSD) FHD, Anti-Glare, Micro-Edge, 15.6''/39.6cm, Win11, M365(1yr) Office24, Silver, 1.59kg, FD0552TU,Iris Xe, FHD Camera, Backlit Laptop",65990.0,,HP,16,1024.0,Silver,Apple M365
"Lenovo 14 (2026), Intel Core i5 13th Gen 13420H - (8 GB DDR5/512 GB SSD/Intel UHD Graphics/Windows 11 Pro) Thin and Light Business Laptop/14.0"" FHD Display/Luna Grey/Copilot Key/1.4 kg/MS Office 2024",58790.0,,Lenovo,5,512.0,Grey,Intel
"Dell 15 AI Powered Laptop, Intel Core Ultra 5 225H, 16GB DDR5 RAM, 512GB SSD, 15.6"" FHD Anti-Glare Display, Intel Arc Graphics, Dedicated Copilot Key, Backlit Keyboard, Silver, Win11 Home + MSO H&S'24",87990.0,,Dell,16,512.0,Silver,Intel
"Dell 15 (Previously Inspiron), R5-7520U Processor, 8GB LPDDR5 RAM, 512GB SSD, FHD 15.6""/39.62 cm Display, Windows 11 Home, Carbon Black, 1.63kg, Standard Keyboard, 15 Month McAfee, Thin & Light Laptop",53990.0,,Dell,8,512.0,Black,
"Apple 2026 MacBook Pro Laptop with M5 Max chip with 18‑core CPU and 32‑core GPU: Built for AI, 35.97 cm (14.2″) Liquid Retina XDR Display, 36GB Unified Memory, 2TB SSD Storage; Space Black",464490.0,,Apple,36,2048.0,Black,Apple M5
Acer Pro 15 Ryzen 3 7320U 15.6 inch Full HD,49990.0,,Acer,16,512.0,Black,
"Lenovo IdeaPad Slim 3 13th Gen Intel Core i3-1315U 15.6 Inch (39.6cm) FHD Thin & Light Laptop (8GB RAM/512GB SSD/Windows 11/Office Home 2024/Grey/1.62Kg), 82X700HHIN",53990.0,,Lenovo,8,512.0,Grey,Intel
"Acer Smartchoice Aspire One, AMD Ryzen 3-7320U, Office 2024 + M365 Basic, 8GB LPDDR5 RAM/ 256GB SSD, 14.0""/35.56cm TN HD Display, Win 11 Home, Pure Silver, 1.48KG, A114-43, Thin and Light Laptop",45990.0,,Acer,8,256.0,Silver,Apple M365
"HP 255 G10 Laptop for Home or Work, 16GB RAM DDR5, 512GB SSD, 15.6"" Full HD, Ryzen 3 7335U (Beats Intel i5-1135G7), HDMI, USB-C",58990.0,,HP,16,512.0,Black,Intel
"HP Chromebook 14, MediaTek Kompanio 540 (4GB LPDDR5, 128GB UFS) HD, Touch, Anti-Glare, Micro-Edge, 14''/35.6cm, ChromeOS, 100GB Google One(1yr),Modern gray,1.35kg, nm0006MU, HD Camera w/shutter Laptop",32990.0,,HP,4,512.0,gray,MediaTek
"Acer Smartchoice Aspire One, AMD Ryzen 5-40,Office 2024 + M365 Basic, 8GB LPDDR5 RAM/ 512GB SSD, 14.0""/35.56cm WXGA Display, Win 11 Home, Pure Silver, 1.48KG, A114-43, Thin and Light Laptop",49990.0,,Acer,8,512.0,Silver,Apple M365
"Lenovo V15 G4 Laptop with AMD Ryzen 5 7520U, 16GB DDR5 RAM, 512GB SSD, 15.6-inch FHD Display, AMD Radeon Graphics, Windows 11 Home, MS Office 2024, Dolby Audio, Arctic Grey, 1 Year Onsite Warranty",56890.0,,Lenovo,16,512.0,Grey,AMD
"Lenovo V15 G6 AMD Ryzen 7 170 (Coequal 7735HS) 15.6"" (39.62cm) FHD Thin and Light Business Laptop (16GB RAM DDR5/ 512GB SSD/Windows 11/ MS Office 2024/ AMD Radeon Graphics/Luna Grey/ 1.6 kg)",69999.0,,Lenovo,16,512.0,Grey,AMD
"Dell 15 AI Powered Laptop, Intel Core Ultra 5 225H, 8GB DDR5 RAM, 512GB SSD, 15.6"" FHD Anti-Glare Display, Intel Arc Graphics, Standard Keyboard, Dedicated Copilot Key, Black, Win11 Home + MSO H&S'24",73490.0,,Dell,8,512.0,Black,Intel
"Dell 15 (Previously Inspiron), R5-7520U Processor, 8GB LPDDR5 RAM, 512GB SSD, FHD 15.6""/39.62 cm Display, Windows 11 Home, Carbon Black, 1.63kg, Standard Keyboard, 15 Month McAfee, Thin & Light Laptop",53990.0,,Dell,8,512.0,Black,
"Lenovo IdeaPad Slim 3, 13th Gen Intel Core i5 13420H, 24GB RAM, 1TB SSD, WUXGA IPS, 15.3""/38.8cm, Windows 11, Office 2024, Grey, 1.6Kg, Backlit Keyboard, 1Yr ADP Free, 83K100PLIN/83K1010FIN, Laptop",87890.0,,Lenovo,24,1024.0,Grey,Intel
"Lenovo IdeaPad 1 AMD Ryzen 5 5500U 15.6"" HD Thin and Light Laptop (8GB RAM/512GB SSD/Windows 11 Home/Office Home 2024/1 Year ADP Free/Grey/1.6Kg), 82R4011MIN",55990.0,,Lenovo,8,512.0,Grey,AMD
"Acer Aspire 3 (2026), Intel Core i5 13th Gen 1334U - (16 GB/512 GB SSD/Intel UHD Graphics/Windows 11 Home) Thin and Light Laptop/15.6"" FHD IPS Display/Silver/1.5 Kg/MS Office 2024/3 Years Warranty",60950.0,,Acer,16,512.0,Silver,Intel
"Lenovo 14 (2026), Intel Core i5 13th Gen 13420H - (16 GB DDR5/512 GB SSD/Intel UHD Graphics/Windows 11 Pro) Thin and Light Business Laptop/14.0"" FHD Display/Luna Grey/Copilot Key/1.4 kg/MS Office 2024",68700.0,,Lenovo,5,512.0,Grey,Intel
"HP Victus, AMD Ryzen 7 7445HS, 6GB RTX 4050, 16GB DDR5(Upgradeable) 512GB SSD, 144Hz, IPS, 300 nits, 15.6''/39.6cm, Win11, Office24, Blue, 2.29kg, fb3130AX, DTS Audio, Xbox Gamepass*, Gaming Laptop",109990.0,,HP,6,512.0,Blue,AMD
"𝗗𝗲𝗹𝗹Laptop Model 5420 | 𝗜𝗡𝗧𝗘𝗟i5 11th Gen Processor |8GB DDR4 RAM |256GB SSD |14"" FHD Display | Win10 | A+ Condition Laptop (Refab)",37400.0,,Unknown,8,256.0,Black,
"HP 15, Intel Core 5-120U (16GB DDR4, 512GB SSD) FHD, Anti-Glare, Micro-Edge, 15.6''/39.6cm, Win11, M365 Basic(1yr), Office Home24, Silver,1.59kg, fd0682tu, FHD Camera w/Shutter, BL Laptop",68699.0,,HP,16,512.0,Silver,Apple M365
"Apple 2026 MacBook Air 13″ Laptop with M5 chip: AI and Apple Intelligence, 34.46 cm (13.6″) Liquid Retina Display, 24GB Unified Memory, 1TB SSD Storage, 12MP Center Stage Camera, Touch ID; Midnight",194990.0,,Apple,24,1024.0,Sky Blue,Apple M5
"Apple 2026 MacBook Pro Laptop with M5 Pro chip with 18‑core CPU and 20‑core GPU: Built for AI, 35.97 cm (14.2″) Liquid Retina XDR Display, 24GB Unified Memory, 2TB SSD Storage; Space Black",367900.0,,Apple,24,2048.0,Black,Apple M5
"ASUS Chromebook CM1405 (2026), Smartchoice, MediaTek Kompanio 540 Processor, 4GB RAM, 64GB SSD, FHD, 14""(35.5 cm), 60Hz, Chrome OS, Pure Grey, 1.37 Kg, CM1405CM4A-S60034, Thin & Light Laptop",28990.0,,ASUS,4,64.0,Grey,MediaTek
"HP 15, Intel Core 5-120U (16GB DDR4, 512GB SSD) FHD, Anti-Glare, Micro-Edge, 15.6''/39.6cm, Win11, M365 Basic(1yr), Office Home24, Silver,1.59kg, fd0682tu, FHD Camera w/Shutter, BL Laptop",68699.0,,HP,16,512.0,Silver,Apple M365
"Lenovo IdeaPad 1 AMD Ryzen 5 5500U 15.6"" HD Thin and Light Laptop (8GB RAM/512GB SSD/Windows 11 Home/Office Home 2024/1 Year ADP Free/Grey/1.6Kg), 82R4011MIN",55990.0,,Lenovo,8,512.0,Grey,AMD
"HP 15, AMD Ryzen 5 7520U,(16GB LPDDR5, 512GB SSD), Anti-Glare, Micro-Edge, FHD, 15.6''/39.6cm, Win 11, Office 24,M365 Basic(1yr)*,Silver, 1.59kg, fc0690au, FHD Camera, Backlit KB Laptop",67400.0,,HP,16,512.0,Silver,Apple M365
"Lenovo IdeaPad Slim 1, AMD Ryzen 5 5500U, 16GB RAM, 512GB SSD, HD, 15.6"", Windows 11 Home, MS Office 21, Cloud Grey, 1.61Kg, 82R400ERIN, Integrated AMD Graphics, 1Yr ADP Free, Thin and Light Laptop",61000.0,,Lenovo,16,512.0,Grey,AMD
"HP 14s Intel Celeron Dual Core N4500 Laptop (8GB/512GB SSD/Win 11) 14.0"" HD Display, MSO 24, Black, 1.46kg, DQ3149TU Thin and Light Business Laptop",42999.0,,HP,8,512.0,Black,Intel
"Lenovo V15 AMD Ryzen 7 7730U 15.6"" (39.62cm) FHD 250 Nits Antiglare Thin and Light Laptop (Free MS Office) Lifetime (16GB/512GB SSD/Windows 11/Iron Grey/1.65 Kg) 1 Year Brand Warranty,",67999.0,,Lenovo,16,512.0,Grey,AMD
"ASUS Vivobook Go 14 (2026),AMD Ryzen 3 30 Processor,AMD Radeon iGPU,8GB RAM,512GB SSD,FHD,14"" (35.5 cm),Windows 11,M365 Basic(1Y)* Office 2024,Cool Silver,1.38 Kg,E1404FA-EB1224WS,Thin & Light Laptop",48990.0,,ASUS,8,512.0,Silver,Apple M365
Acer Pro 15 Ryzen 3 7320U 15.6 inch Full HD,49990.0,,Acer,16,512.0,Black,
"Dell 15 AI Powered Laptop, Intel Core Ultra 5 225H, 8GB DDR5 RAM, 512GB SSD, 15.6"" FHD Anti-Glare Display, Intel Arc Graphics, Standard Keyboard, Dedicated Copilot Key, Black, Win11 Home + MSO H&S'24",73490.0,,Dell,8,512.0,Black,Intel
"HP Smartchoice Victus, 13th Gen Intel Core i7-13620H, 8GB RTX 5060, 24GB DDR5(Upgradeable) 1TB SSD, 144Hz, FHD, 15.6""/39.6cm, Win11, M365(1yr)*Office 24, Mica Silver,2.29Kg,fa2308TX, RGB Gaming Laptop",129990.0,,HP,8,1024.0,Silver,Apple M365
"HP 14, Intel Core Ultra 5 125H (16GB DDR5, 512GB SSD), Micro-Edge, Anti-Glare, FHD, 14''/35.6cm, Win11, M365* Office24, Silver, 1.4kg, ep1150TU, FHD Camera, Backlit Laptop",77990.0,,HP,16,512.0,Silver,Apple M365
"HP Professional 15 (2026), Intel (i3 14th Gen) Core 3 100U - (16 GB/512 GB SSD/Intel UHD Graphics/Windows 11 Home) Thin & Light Business Laptop/15.6"" Display/Turbo Silver/Copilot Key/1.5kg/MS Office",60160.0,,HP,16,512.0,Silver,Intel
"Lenovo LOQ Essential AMD Ryzen 7 7735HS | NVIDIA RTX 4050 6GB (16GB RAM/512GB SSD/144Hz Refresh Rate/15.6"" (39.6cm)/Windows 11/Office Home 2024/3 Mon. Game Pass/Grey/1.8Kg), 83S0009TIN Gaming Laptop",132990.0,,Lenovo,6,512.0,Grey,AMD
"ASUS Chromebook CM1505 (2026), Smartchoice, MediaTek Kompanio 540 Processor, 4GB RAM, 64GB SSD, FHD, 15.6""(39.6 cm), 60Hz, Chrome OS, Fabric Blue, 1.49 Kg, CM1505CM4A-S70080, Thin & Light Laptop",24990.0,,ASUS,4,64.0,Blue,MediaTek
"Lenovo ThinkBook 16, Intel Core Ultra 9 185H, 16GB RAM, 512GB SSD, WUXGA IPS 16” (40.64cm), Win 11 Home, Arctic Grey, 1.7Kg, 21SKA0J5IG, Fingerprint, Backlit, 300 Nits, 1Y Warranty, AI Powered Laptop",98990.0,,Lenovo,16,512.0,Grey,Intel
"Primebook 2 Max (2026) | 8GB RAM, 256GB UFS Storage | 15.6-Inch Full HD IPS Display | 12hrs Battery | MediaTek Helio G99 | Android 15 (PrimeOS 3.0) | Backlit Keyboard | in-Built AI (Gray)",32990.0,,Primebook,8,512.0,Gray,MediaTek
"Dell 15 (Previously Inspiron), R5-7520U Processor, 8GB LPDDR5 RAM, 512GB SSD, FHD 15.6""/39.62 cm Display, Windows 11 Home, Carbon Black, 1.63kg, Standard Keyboard, 15 Month McAfee, Thin & Light Laptop",53990.0,,Dell,8,512.0,Black,
"Dell 15 (Previously Inspiron) Laptop, 14th Gen Intel Core i3/Core 3 100U Processor, 16GB DDR4, 512 SSD, Intel UHD Graphics, 15.6"" FHD 120Hz IPS AG 250 nit Display, Win 11 + Office 2024, Black, 1.63Kg",62490.0,,Dell,16,512.0,Black,Intel
"HP Victus, 13th Gen Intel Core i5-13420H, 4GB RTX 2050, 16GB DDR4 (Upgradeable) 512GB SSD, 144Hz, IPS, 300 nits, FHD, 15.6''/39.6cm, Win11, M365* Office24, Mica Silver, 2.3kg, fa2703tx Gaming Laptop",98990.0,,HP,4,512.0,Silver,Apple M365
"Lenovo 14 (2026), AMD Ryzen 5 Quad Core 7520U - (8 GB LPDDR5/512 GB SSD/AMD Radeon Graphics/Windows 11 Pro) Thin and Light Business Laptop/14.0"" FHD Display/Arctic Grey/1.4 kg/MS Office 2024",52990.0,,Lenovo,5,512.0,Grey,AMD
"Lenovo ThinkBook 16, Intel Core Ultra 9 185H, 16GB RAM, 512GB SSD, WUXGA IPS 16” (40.64cm), Win 11 Home, Arctic Grey, 1.7Kg, 21SKA0J5IG, Fingerprint, Backlit, 300 Nits, 1Y Warranty, AI Powered Laptop",98990.0,,Lenovo,16,512.0,Grey,Intel
"ASUS Vivobook 16, Snapdragon X, 16GB RAM, 512GB SSD, FHD+ 16"", Windows 11, Office Home 2024, Cool Silver, 1.88kg, X1607QA-MB050WS, Qualcomm Adreno iGPU, 45TOPS, M365 Basic(1Year)* Laptop",63990.0,,ASUS,16,512.0,Silver,Apple M365
"Acer 15 Smartchoice, AMD Ryzen 3-7320U, 15.6"" Full HD Display,",44990.0,,Acer,16,512.0,Black,AMD
"HP Omnibook 3, Snapdragon X Processor 45 Tops (16GB LPDDR5x,512GB SSD) 2K WUXGA, 14''/35.6cm, Win 11, M365*Office 24,Silver,1.42kg, hz0026QU/ hz0024QU, Lighter mini Charger, FHD IR Camera, AI Laptop",69990.0,,HP,16,512.0,Silver,Apple M365
"Acer Professional 14[New Launch], AMD Ryzen 7-7730U, 32GB RAM, 1TB SSD, 14"" Full HD Laptop, Windows 11 Pro, MSO21, 1.34KG, Backlite KB, Finger Print, Metal Body, 3 Year Warranty, 12 Mounths Antivrus",84990.0,,Acer,32,1024.0,Black,AMD
"HP 15, Intel Core 5-120U (8GB DDR4, 512GB SSD) FHD, Anti-Glare, Micro-Edge, 15.6''/39.6cm, Win11, M365 Basic(1yr), Office Home24, Silver,1.59kg, fd0651TU, FHD Camera w/Privacy Shutter, Backlit Laptop",66749.0,,HP,8,512.0,Silver,Apple M365
Acer Pro 15 Ryzen 3 7320U 15.6 inch Full HD,49990.0,,Acer,16,512.0,Black,
"Dell 15 (Previously Inspiron), R5-7520U Processor, 8GB LPDDR5 RAM, 512GB SSD, FHD 15.6""/39.62 cm Display, Windows 11 Home, Carbon Black, 1.63kg, Standard Keyboard, 15 Month McAfee, Thin & Light Laptop",53990.0,,Dell,8,512.0,Black,
"Dell DC15250, 15.6"" (39.62 cm) FHD Laptop with Intel Core i5-1334U, 16GB RAM, 512GB SSD, 120Hz, 250 Nits Display, Wi-Fi 6, Windows 11 Home, MSO 11–Sleek, Fast & Reliable for Work, Study & Everyday Use",66690.0,,Dell,16,512.0,Black,Intel
"Lenovo ThinkPad E16 G2 16-inch (40.64 CM) Laptop, AMD Ryzen 7 7735HS (8-Core), 16GB DDR5 RAM, 512GB NVMe SSD, FHD+ IPS Display, Radeon 680M, Wi-Fi 6, Fingerprint Reader, Windows 11 Pro, MS-Office 2024",91700.0,,Lenovo,16,512.0,Black,AMD
"ASUS ROG Strix G16,Intel Core Ultra 9 275HX,Gaming Laptop(RTX 5070-8GB/115W TGP/32GB/1TB /2.5K QHD+/16""/240Hz/90WHrs/Windows 11/M365 Basic(1Year)*/Office Home 2024/Eclipse Gray/2.65 Kg)G615LP-S5022WS",249990.0,,ASUS,8,512.0,Gray,Apple M365
"Lenovo V14 G4 AMD Ryzen 5 7520U 14"" (35.56 cm) FHD Laptop (16GB LPDDR5 RAM/512GB SSD/Windows 11 Home/Ms-Office /2GB AMD Radeon 610M Graphics/Dolby Audio/Arctic Grey/1.43 Kg), 1 Year Warranty",56690.0,,Lenovo,16,512.0,Grey,AMD
"acer Aspire 3, Intel Pentium N6000, 12GB LPDDR4X RAM, 512GB SSD, HD, 15.6""/39.62cm, Windows 11 Home, Pure Silver, 1.5KG, A325-45, Thin and Light Laptop",39850.0,,Acer,12,512.0,Silver,Apple A325
"Acer Aspire Lite Intel Core i3/Core 3 14th Gen-100U Processor, Office 2024 + M365 Basic, 8GB RAM/256GB SSD, 15.6""/39.62 cm, FHD IPS Display,Win11Home, Steel Grey, 1.59Kg, AL15-53, Thin & Light Laptop",48990.0,,Acer,8,256.0,Grey,Apple M365
"ASUS ROG Strix G16, AMD Ryzen 9 8940HX, Gaming Laptop(RTX 5060-8GB/115W TGP/16GB/1TB /2.5K QHD+/16""/240Hz/90WHrs/Windows 11/M365 Basic (1Year)*/Office Home 2024/Eclipse Gray/2.5 Kg) G614PM-S5046WS",184990.0,,ASUS,8,512.0,Gray,Apple M365
"Dell 15 AI Powered Laptop, Intel Core Ultra 5 225H, 8GB DDR5 RAM, 512GB SSD, 15.6"" FHD Anti-Glare Display, Intel Arc Graphics, Standard Keyboard, Dedicated Copilot Key, Black, Win11 Home + MSO H&S'24",73490.0,,Dell,8,512.0,Black,Intel
"MSI Thin 15, Intel 13th Gen. i5-13420H, 40CM FHD 144Hz Gaming Laptop (16GB/512GB NVMe SSD/Windows 11 Home/NVIDIA GeForce RTX 3050, GDDR6 4GB/Cosmos Gray/1.86Kg) B13UC-125IN",85900.0,,MSI,16,512.0,Gray,Intel
Acer Pro 15 Ryzen 3 7320U 15.6 inch Full HD,49990.0,,Acer,16,512.0,Black,
"Acer Aspire Lite Intel Core i3/Core 3 14th Gen-100U Processor, Office 2024 + M365 Basic, 8GB RAM/256GB SSD, 15.6""/39.62 cm, FHD IPS Display,Win11Home, Steel Grey, 1.59Kg, AL15-53, Thin & Light Laptop",48990.0,,Acer,8,256.0,Grey,Apple M365
"HP Victus Gaming Laptop, Intel Core 5 210H, 4GB RTX 3050 A (24GB DDR5, 512GB SSD) FHD, 144Hz, 300 nits, IPS, 15.6''/39.6 cm, Win11, M365* Office24, Mica Silver, 2.29kg, fa2500TX, Backlit,",89990.0,,HP,4,512.0,Silver,Apple M365
"acer Aspire 3, Intel Pentium N6000, 12GB LPDDR4X RAM, 512GB SSD, HD, 15.6""/39.62cm, Windows 11 Home, Pure Silver, 1.5KG, A325-45, Thin and Light Laptop",39850.0,,Acer,12,512.0,Silver,Apple A325
"Lenovo IdeaPad Slim 3 13th Gen Intel Core i5-13420H 15.3 inch (38.8cm) WUXGA IPS Laptop (16GB RAM/512GB SSD/Windows 11/Office 2024/Top Metal Cover/Backlit KB/Cosmic Blue/1.6Kg), 83K1016PIN",84990.0,,Lenovo,16,512.0,Blue,Intel
"Lenovo 15 (2026), Intel Core i7 13th Gen 13620H - (16 GB DDR5/512 GB SSD/Intel Iris Xe Graphics/Windows 11 Pro) Thin and Light Business Laptop/15.6"" FHD Display/Luna Grey/Copilot Key/1.5 kg/MSO 2024",79470.0,,Lenovo,5,512.0,Grey,Intel
"Dell 15 (Previously Inspiron), Intel Core i7 13th Gen -1355U, 16GB, 512GB SSD, FHD, 15.6""/39.62cm, Win 11, MSO'24, Silver, 1.62kg, [Dell 15], Backlit Keyboard, 12 Month McAfee, Thin & Light Laptop",82990.0,,Dell,16,512.0,Silver,Intel
"HP Omen, AMD Ryzen AI 7 350, 8GB RTX 5050, 24GB DDR5(Upgradeable) 1TB SSD, 165Hz, 2k WUXGA, 3ms, 400 nits, 16'(40.6cm) Win11, M365* Office24, Black, 2.44kg, ap0165AX, RGB, AI Gaming Laptop",136990.0,,HP,8,1024.0,Black,Apple M365
"Dell 15 (Previously Inspiron), R5-7520U Processor, 8GB LPDDR5 RAM, 512GB SSD, FHD 15.6""/39.62 cm Display, Windows 11 Home, Carbon Black, 1.63kg, Standard Keyboard, 15 Month McAfee, Thin & Light Laptop",53990.0,,Dell,8,512.0,Black,
"Apple 2026 MacBook Pro Laptop with M5 Pro chip with 15‑core CPU and 16‑core GPU: Built for AI, 35.97 cm (14.2″) Liquid Retina XDR Display, 24GB Unified Memory, 2TB SSD Storage; Silver",342490.0,,Apple,24,2048.0,Silver,Apple M5
"ASUS Gaming V16 (2025),Intel Core 7 240H (i7-14th Gen),RTX 5050-8GB,16GB RAM,512GB SSD,FHD+,16"",144Hz,Backlit Keyboard,Windows 11,M365*,Office 2024,Matte Black,1.95 Kg V3607VH-RP038WS,Gaming Laptop",140999.0,,ASUS,8,512.0,Black,Apple M365
"HP Smartchoice Victus, AMD Ryzen 7 7445HS, 6GB RTX 3050, 16GB DDR5(Upgradeable) 512GB SSD, 144Hz, 300 nits, 15.6''/39.6cm, Win 11, Office 24, Blue, 2.29kg, fb3134/20ax, Xbox Gamepass*, Gaming Laptop",108762.8769574944,,HP,6,512.0,Blue,AMD
"ASUS Chromebook CM32 Detachable (2026),Smartchoice,MediaTek Kompanio 540 Processor,8GB RAM,128GB SSD,Touchscreen,12.1""(30.7 cm),Chrome OS,Cloud Titanium,0.64 Kg,CM3206DM4A-TR0119,Thin & Light Laptop",42990.0,,ASUS,8,128.0,Black,MediaTek
𝗟𝗲𝗻𝗼𝘃𝗼Model T490 | InteI Core i5 8th Gen Processor | 8GB RAM | 256GB SSD | 14-inch FHD Display | Win 10 pro | A+ Condition Laptop (Refab),30000.0,,Unknown,8,256.0,Black,
"Dell 15 Laptop DC15250-15.6-inch FHD 120Hz Display, 13th Gen Intel Core i7-1355U, 16GB DDR4 RAM, 512GB SSD, Intel UHD Graphics, Windows 11 Home, Onsite Service - Platinum Silver",85890.0,,Dell,16,512.0,Silver,Intel
"Acer Aspire 3 Intel Core i5-1334U Processor, 8GB RAM/512GB SSD, 39.62 cm(15.6"") FHD LED-Backlit IPS Display, Win11Home, Pure Silver, 1.7Kg, A325-53, Thin & Light Laptop",54650.0,,Acer,8,512.0,Silver,Apple A325
"Lenovo 14 (2025), Intel Core i3 13th Gen 1315U - (8 GB/512 GB SSD/Intel UHD Graphics/Windows 11 Home) Thin and Light Business Laptop/14.0"" FHD Display/Iron Grey/1.4 kg/MSO 2021",52999.0,,Lenovo,16,512.0,Grey,Intel
"Dell 15 AI Powered Laptop, Intel Core Ultra 5 225H, 8GB DDR5 RAM, 512GB SSD, 15.6"" FHD Anti-Glare Display, Intel Arc Graphics, Standard Keyboard, Dedicated Copilot Key, Black, Win11 Home + MSO H&S'24",73490.0,,Dell,8,512.0,Black,Intel
"Apple 2026 MacBook Air 13″ Laptop with M5 chip: AI and Apple Intelligence, 34.46 cm (13.6″) Liquid Retina Display, 24GB Unified Memory, 1TB SSD Storage, 12MP Center Stage Camera, Touch ID; Midnight",194990.0,,Apple,24,1024.0,Midnight,Apple M5
Acer Pro 15 Ryzen 3 7320U 15.6 inch Full HD,49990.0,,Acer,16,512.0,Black,
"Dell 15 Laptop DC15250-15.6-inch FHD 120Hz Display, 13th Gen Intel Core i7-1355U, 16GB DDR4 RAM, 512GB SSD, Intel UHD Graphics, Windows 11 Home, Onsite Service - Platinum Silver",85890.0,,Dell,16,512.0,Silver,Intel
"Lenovo V15 G4 AMD Ryzen 5 7520U DOS 15.6 inch FHD Thin & Lite Laptop, AMD Graphics, 16GB DDR5 5500Mhz Ram, 512GB SSD,Dolby Audio,Premium Grey, 1 Year Onsite Brand Warranty",54899.0,,Lenovo,16,512.0,Grey,AMD
"DELL Inspiron 5440 (2025) Intel Core i3 13th Gen 1305U - (16 GB/512 GB SSD/Windows 11 Home) Inspiron 5440 Thin and Light Laptop (14 inch, Ice Blue, 1.5 kg, with MS Office)",62350.0,,DELL,16,512.0,Blue,Intel
"Acer Aspire Lite, 13th Gen Intel Core i3-1305U, 8GB RAM, 512GB SSD, FHD, 15.6""/39.62cm, Windows 11 Home, Steel Gray, 1.59KG, AL15-53, Metal Body, Thin and Light Premium, Laptop",49990.0,,Acer,8,512.0,Gray,Intel
"Lenovo 14 (2025), Intel Core i3 13th Gen 1315U - (8 GB/512 GB SSD/Intel UHD Graphics/Windows 11 Home) Thin and Light Business Laptop/14.0"" FHD Display/Iron Grey/1.4 kg/MSO 2021",52999.0,,Lenovo,16,512.0,Grey,Intel
"HP Pavilion Plus, Intel Core i5-1335U-13th Gen Laptop, (16GB LPDDR5x,512GB SSD),IPS, 300 nits, 14''(35.6cm) 2K,Win 11, M365 Basic(1yr), Office Home 24, Silver,1.38kg, 5MP Camera w/Shutter, ew0107TU",108762.8769574944,,HP,16,512.0,Silver,Apple M365
"Lenovo Yoga Slim 7 Aura Edition Intel Evo Core Ultra 5 226V (16GB RAM/1TB SSD/14 (35.5cm)/WUXGA OLED/Copilot+ PC/Windows 11/Office Home 2024/1Yr ADP Free/Grey/1.19Kg), 83JX005FIN AI Laptop",126790.0,,Lenovo,16,1024.0,Grey,Intel
"Dell 15 (Previously Inspiron), R5-7520U Processor, 8GB LPDDR5 RAM, 512GB SSD, FHD 15.6""/39.62 cm Display, Windows 11 Home, Carbon Black, 1.63kg, Standard Keyboard, 15 Month McAfee, Thin & Light Laptop",53990.0,,Dell,8,512.0,Black,
"Dell 15 AI Powered Laptop, Intel Core Ultra 5 225H, 8GB DDR5 RAM, 512GB SSD, 15.6"" FHD Anti-Glare Display, Intel Arc Graphics, Standard Keyboard, Dedicated Copilot Key, Black, Win11 Home + MSO H&S'24",73490.0,,Dell,8,512.0,Black,Intel
"Acer SmartChoice Aspire Lite, AMD Ryzen 5-5625U Processor, 16 GB/512 GB, Full HD, 15.6""/39.62 cm, Windows 11 Home, Steel Gray, 1.59 kg, AL15-41, Metal Body, Thin and Light Laptop",59990.0,,Acer,16,512.0,Gray,AMD
"HP 14, 13th Gen Intel Core i5-1334U Laptop (16GB RAM, 512GB SSD), Anti-Glare, IPS, 14""/35.6cm, FHD, Win 11, MS Office 2021, Silver, 1.4Kg, Intel Iris Xe Graphics, FHD Camera,Backlit KB, gr0002TU",69990.0,,HP,16,512.0,Silver,Intel
"HP OmniBook Ultra Flip (Previously Spectre) Intel Core Ultra 7 256V 47 Tops (16GB LPDDR5X, 1TB SSD) OLED, 500 nits,14''/35.6cm, Touch 2-in-1, Win11, Office21, Gray,1.34kg, fh0026TU Next Gen AI Laptop",186990.0,,HP,16,1024.0,Gray,Intel
"Alienware 16X Aurora Gaming Laptop, AI Enabled Intel Core Ultra9 HX Processor, 32GB DDR5, 1TB SSD, NVIDIA GeForce RTX 5070, 8GB GDDR7, 16"" QHD+ 240Hz Display, Backlit KB, Interstellar Indigo, 2.66kg",319990.0,,Alienware,32,1024.0,Indigo,Intel
HP Ultra 7 255H / 32 GB DDR5 RAM/ 1 TB SSD/Windows 11 Pro/5 MP IR AI Camera/ 16.0 inch AG WUXGA/Intel® Wi-Fi 7 BE201 (2x2) and Bluetooth 5.4 /Fingerprint Reader (C1JQ1PT),234454.0,,HP,5,1024.0,Black,Intel
"Lenovo IdeaPad Slim 3 13th Gen Core i7-13620H 15.3 inch (38.8cm) WUXGA IPS Laptop (16GB RAM/512GB SSD/Windows 11/MSO 365 Basic+Office 2024/1Yr ADP Free/Grey/1.6Kg), 83K100S1IN",81689.0,,Lenovo,16,512.0,Grey,
"Lenovo IdeaPad Pro 5 AMD Ryzen 7 8845HS 16"" (40.64cm) 2K-OLED 400Nits 120Hz Laptop (16GB/1TB SSD/NVDIA RTX 4050 6GB/Win11/100% DCI-P3/Office 2021/Alexa/3 Month Game Pass/Grey/1.91Kg), 83D5000SIN",169890.0,,Lenovo,16,1024.0,Grey,AMD
"Apple 2026 MacBook Pro Laptop with M5 Pro chip with 15‑core CPU and 16‑core GPU: Built for AI, 35.97 cm (14.2″) Liquid Retina XDR Display, 24GB Unified Memory, 2TB SSD Storage; Silver",342490.0,,Apple,24,2048.0,Silver,Apple M5
"Apple 2026 MacBook Air 13″ Laptop with M5 chip: AI and Apple Intelligence, 34.46 cm (13.6″) Liquid Retina Display, 24GB Unified Memory, 1TB SSD Storage, 12MP Center Stage Camera, Touch ID; Midnight",194990.0,,Apple,24,1024.0,Sky Blue,Apple M5
"ASUS Chromebook CM1405 (2026), Smartchoice, MediaTek Kompanio 540 Processor, 4GB RAM, 64GB SSD, FHD, 14""(35.5 cm), 60Hz, Chrome OS, Pure Grey, 1.37 Kg, CM1405CM4A-S60034, Thin & Light Laptop",28990.0,,ASUS,4,64.0,Grey,MediaTek
"HP Professional 14 (2026) Thin & Light Laptop – Intel Core 5-120U, 16GB RAM, 512GB SSD, 14"" FHD Display, Windows 11 Pro, Backlit Keyboard, Fingerprint Sensor, MSO 2024, Turbo Silver, 1.4 Kg",68480.0,,HP,16,512.0,Silver,Intel
"HP Omen, Intel Core Ultra 7 255H, 8GB RTX 5060 (24GB DDR5, 1TB SSD) 165Hz, 2k WUXGA, 3ms, 400 nits, 16''/40.6cm, Win11, M365* Office24, Black, 2.42kg, an0015TX, RGB, Gaming Laptop",166990.0,,HP,8,1024.0,Black,Apple M365
"Acer TravelLite Thin Laptop AMD Ryzen 3 5400U | 8GB RAM, 512GB SSD | 14"" Full HD Anti-Glare Display | Windows 11 | MS Office | 1.34Kg | Black | 1 Year Warranty | Sleek Metal Body",41890.0,,Acer,8,512.0,Black,AMD
"HP 15, Intel Core Ultra 5 125H (16GB DDR5, 1TB SSD) FHD, IPS, 15.6''/39.6cm, Win11, M365 Basic(1yr)*Office24, Silver, 1.65kg, fd1255TU, Intel Arc Graphics, FHD Camera w/Shutter, AI Powered Laptop",82990.0,,HP,16,1024.0,Silver,Apple M365
Lenovo ThinkPad E14 AI PC Intel Core Ultra 7 155H | Copilot Key | 16GB RAM | 512GB SSD | 14” WUXGA IPS 300 Nits | Win 11 + Office 2024 | Backlit | Fingerprint | 1.42 kg | 1Y Onsite | Black –21M7S0SF00,124800.0,,Lenovo,16,512.0,Black,Intel
"Lenovo Legion Pro 7 2025 Intel Core Ultra 9 275HX | NVIDIA RTX 5090 24GB (64GB RAM/1TB SSD/WQXGA OLED/240Hz/16 (40.6cm)/Windows 11/Office 2024+AI Now/Black/2.5Kg), 83F500D8IN AI Powered Gaming Laptop",482490.0,,Lenovo,24,1024.0,Black,Intel
"HP ProBook 440 14 inch G10 Notebook PC, 14"", Windows 11 Pro, Intel® Core™ i5, 16GB RAM, 512GB SSD, FHD(B15JRAT)",93990.0,,HP,16,512.0,Black,Intel
Acer Pro 15 Ryzen 3 7320U 15.6 inch Full HD,49990.0,,Acer,16,512.0,Black,
"Apple 2026 MacBook Pro Laptop with M5 Pro chip with 15‑core CPU and 16‑core GPU: Built for AI, 35.97 cm (14.2″) Liquid Retina XDR Display, 24GB Unified Memory, 2TB SSD Storage; Silver",342490.0,,Apple,24,2048.0,Silver,Apple M5
"Alienware 16 Area-51, Intel Core Ultra 9-275HX, RTX 5090-24GB, 64GB DDR5, 2TB SSD, WQXGA, 16.0""/40.64cm, 240Hz, Win 11, MSO 2024, Liquid Teal, 3.4kg, AI Enabled, 500 nits, AI PC",531490.0,,Alienware,24,2048.0,Black,Intel
"HP 15, AMD Ryzen 5 7520U, 16GB DDR5, 512GB SSD, (Win 11, Office 21, Silver, 1.59kg), Anti-Glare, Micro-Edge, 15.6-inch(39.6cm), FHD Laptop, AMD Radeon Graphics, 1080p FHD Camera, Backlit KB, fc0690au",55780.0,,HP,16,512.0,Silver,AMD
"HP 15, 13th Gen Intel Core i5-1334U Laptop (8GB DDR4,1TB SSD) Anti-Glare, Micro-Edge,15.6''/39.6cm, FHD, Win11, M365 Basic(1yr),Office Home24, Silver,1.59kg, FHD Camera w/Shutter, fd0549TU",63990.0,,HP,8,1024.0,Silver,Apple M365
"DELL PRO 15 (2025) AMD Ryzen 5 7520U Quad Core - (8 GB DDR5/512 GB SSD/AMD Radeon 610M Graphics/Windows 11 Home) Thin and Light Business Laptop/Backlit/15.6"" FHD Display/Black/1.5 kg/MSO 2021",51790.0,,DELL,5,512.0,Black,AMD
"HP Professional 14 (2025), Intel Core i5 13th Gen 1334U - (32 GB/512 GB SSD/Intel Iris Xe Graphic/Windows 11 Pro) Thin and Light Business Laptop/14.0"" FHD/Backlit + Fingerprint/Silver/1.4 Kg/MSO 2021",78990.0,,HP,16,512.0,Silver,Intel
"Lenovo 14 (2025), Intel Core i5 13th Gen 13420H - (24 GB/512 GB SSD/Intel UHD Graphics/Windows 11 Pro) Thin and Light Business Laptop/14.0"" FHD Display/Iron Grey/1.4 kg/Microsoft Office 2021",89890.0,,Lenovo,16,512.0,Grey,Intel
"HP Professional 14 (2026), Intel (i7 14th Gen) Core 7 150U - (32 GB/512 GB SSD/Intel Iris Xe Graphic/Windows 11 Pro) Business Laptop/14.0"" FHD/Backlit + Fingerprint/Silver/Copilot Key/1.4kg/MSO 2024",91940.0,,HP,16,512.0,Silver,Intel
"Apple 2026 MacBook Air 13″ Laptop with M5 chip: AI and Apple Intelligence, 34.46 cm (13.6″) Liquid Retina Display, 24GB Unified Memory, 1TB SSD Storage, 12MP Center Stage Camera, Touch ID; Midnight",194990.0,,Apple,24,1024.0,Midnight,Apple M5
"Dell 15 AI Powered Laptop, Intel Core Ultra 5 225H, 8GB DDR5 RAM, 512GB SSD, 15.6"" FHD Anti-Glare Display, Intel Arc Graphics, Standard Keyboard, Dedicated Copilot Key, Black, Win11 Home + MSO H&S'24",73490.0,,Dell,8,512.0,Black,Intel
Acer Pro 15 Ryzen 3 7320U 15.6 inch Full HD,49990.0,,Acer,16,512.0,Black,
"HP Professional 14 (2025), Intel Core i5 13th Gen 1334U - (16 GB/512 GB SSD/Intel Iris Xe Graphic/Windows 11 Home) Thin and Light Business Laptop/14.0"" FHD/Backlit + Fingerprint/Silver/1.4 Kg/MSO 2021",68990.0,,HP,16,512.0,Silver,Intel
Tech IT 𝗟𝗲𝗻𝗼𝘃𝗼Model 81N3 𝗔𝗠𝗗A6 REDEON | 4GB RAM/128GB SSD | 14″ FHD Display | A+ Condition Laptop (Refab),24900.0,,Tech,4,128.0,Black,
"Lenovo Legion 7 Intel Core i9-12900HX 16"" (40.64cm) QHD IPS 165Hz 500Nits Gaming Laptop (32GB/1TB SSD/Win 11/Office 2021/NVIDIA RTX 3080Ti 16GB/Alexa/3 Month Game Pass/Storm Grey/2.53Kg), 82TD009KIN",290000.0,,Lenovo,32,1024.0,Grey,Intel
HP OmniBook 5 OLED ● Intel Core Ultra 7 355 ● 49 Tops ● 16GB LPDDR5x ●1TB SSD ● 2K● 14''/35.6cm● Win11● Office24● Meteor Silver● 1.33kg● hh0030TU● mini GaN Charger● Upto 32hrs battery life ● AI Laptop,142990.0,,HP,16,1024.0,Silver,Intel
"Acer TravelLite TL04-41M 14-inch FHD Thin & Light Metal Body Laptop, AMD Ryzen 3 5400U Processor, 8GB DDR4 RAM, 512GB SSD, Windows 11 Home, MS Office 2021, Wi-Fi 6, HD Webcam Sleek Metal Body",44999.0,,Acer,8,512.0,Black,AMD
"Acer Aspire 3 Laptop A325-42 | 15.6"" (39.6 cm) FHD IPS Display | AMD Ryzen 3 5400U | 8GB DDR4 RAM | 256GB NVMe SSD | Windows 11 Home | AMD Radeon Graphics | Wi-Fi 6 | Steel Gray | 1.78 Kg",40999.0,,Acer,8,512.0,Gray,Apple A325
"Lenovo LOQ, Intel Core i7-13650HX, 13th Gen, NVIDIA RTX 4060-8GB, 16GB RAM, 1TB SSD, FHD 144Hz 300Nits, 15.6""/39.62cm, Windows 11 Home, MS Office 24, Grey, 2.38Kg, 83DV01BHIN, 100% sRGB Gaming Laptop",165000.0,,Lenovo,8,1024.0,Grey,Intel
"Dell 15 (Previously Inspiron), R5-7520U Processor, 8GB LPDDR5 RAM, 512GB SSD, FHD 15.6""/39.62 cm Display, Windows 11 Home, Carbon Black, 1.63kg, Standard Keyboard, 15 Month McAfee, Thin & Light Laptop",53990.0,,Dell,8,512.0,Black,
"Dell 15 AI Powered Laptop, Intel Core Ultra 5 225H, 8GB DDR5 RAM, 512GB SSD, 15.6"" FHD Anti-Glare Display, Intel Arc Graphics, Standard Keyboard, Dedicated Copilot Key, Black, Win11 Home + MSO H&S'24",73490.0,,Dell,8,512.0,Black,Intel
"Lenovo V15 G4 (2024), AMD Ryzen 3 7320U Quad Core - (8GB/512GB SSD/AMD Radeon Graphics/Windows 11 Home) Thin and Light Business Laptop/15.6"" FHD Display/Arctic Grey/1.57 kg/MS Office 2021",49400.0,,Lenovo,8,512.0,Grey,AMD
"ASUS ProArt PX13 (2026),AMD Ryzen AI MAX+ 395,AMD Radeon 8060S iGPU,128GB RAM,1TB SSD,3K OLED,13.3""(33.7 cm),Win 11,M365 Basic(1Y)* Office 2024,Nano Black,1.39 Kg,HN7306EAC-LX052WS,AI Creator Laptop",334990.0,,ASUS,128,1024.0,Black,Apple M365
"HP 15 (2025), Intel Core i5 13th Gen 1334U - (32 GB/512 GB SSD/Intel Iris Xe Graphics/Windows 11 Pro) Thin and Light Business Laptop/15.6"" FHD Display/Fingerprint Reader/Ash Grey/1.5 kg/MS Office 2021",85000.0,,HP,16,512.0,Grey,Intel
"Lenovo 14 (2025), Intel Core i5 13th Gen 13420H - (16 GB/512 GB SSD/Intel UHD Graphics/Windows 11) Thin and Light Business Laptop/14.0"" FHD Display/Iron Grey/1.4 kg/Microsoft Office 2021",68700.0,,Lenovo,16,512.0,Grey,Intel
"MSI GL63 8RE-455IN 2018 15.6-inch Laptop (Core i7-8750H/16GB/128GBSSD+1TB/Windows 10/6GB Graphics), Black",124990.0,,MSI,16,128.0,Black,
HP ZBook EB 645 CB 14” FHD Laptop | AMD Ryzen 5 5625C | 8GB RAM | 256GB SSD | Chrome OS | Lightweight Business Laptop | 1 Year Warranty (767V3PA),44604.0,,HP,8,256.0,Black,AMD
"Apple 2026 MacBook Air 13″ Laptop with M5 chip: AI and Apple Intelligence, 34.46 cm (13.6″) Liquid Retina Display, 24GB Unified Memory, 1TB SSD Storage, 12MP Center Stage Camera, Touch ID; Sky Blue",194990.0,,Apple,24,1024.0,Blue,Apple M5
"Apple 2026 MacBook Pro Laptop with M5 Pro chip with 15‑core CPU and 16‑core GPU: Built for AI, 35.97 cm (14.2″) Liquid Retina XDR Display, 24GB Unified Memory, 2TB SSD Storage; Silver",342490.0,,Apple,24,2048.0,Silver,Apple M5
"Apple 2026 MacBook Air 13″ Laptop with M5 chip: AI and Apple Intelligence, 34.46 cm (13.6″) Liquid Retina Display, 24GB Unified Memory, 1TB SSD Storage, 12MP Center Stage Camera, Touch ID; Midnight",194990.0,,Apple,24,1024.0,Midnight,Apple M5
Acer Pro 15 Ryzen 3 7320U 15.6 inch Full HD,49990.0,,Acer,16,512.0,Black,
"acer Predator Helios 16 AI, Intel Core Ultra 9 Processor,RTX 5090-24 GB GDDR7,32 GB/1 TB, WQXGA OLED, 16.0""/40.64 cm, 240Hz, Win 11 Home, Abyssal Black, 2.65 kg, PH16-73, RGB KB, Gaming Laptop",499990.0,,Acer,7,512.0,Black,Intel
"Lenovo Yoga Slim 7 AI Laptop PC 2025 Aura Edition, Intel Core Ultra 7 258V, 32GB RAM, 1TB SSD, OLED, Copilot AI Now, 47 Tops, 14""/35.5cm, Win 11, Office 24,Grey, 1.2 Kg, 83JX001MIN, AI Laptop",155990.0,,Lenovo,32,1024.0,Grey,Intel
HP ZBook EB 645 CB 14” FHD Laptop | AMD Ryzen 5 5625C | 8GB RAM | 256GB SSD | Chrome OS | Lightweight Business Laptop | 1 Year Warranty (767V3PA),44604.0,,HP,8,256.0,Black,AMD
"Lenovo V15 G4 (2024), AMD Ryzen 3 7320U Quad Core - (8GB/512GB SSD/AMD Radeon Graphics/Windows 11 Home) Thin and Light Business Laptop/15.6"" FHD Display/Arctic Grey/1.57 kg/MS Office 2021",49400.0,,Lenovo,8,512.0,Grey,AMD
Tech IT 𝗟𝗲𝗻𝗼𝘃𝗼Model 81N3 𝗔𝗠𝗗A6 REDEON | 4GB RAM/128GB SSD | 14″ FHD Display | A+ Condition Laptop (Refab),24900.0,,Tech,4,128.0,Black,
"ASUS ProArt PZ14 (2026),Snapdragon® X2 Elite,Qualcomm Adreno iGPU,32GB/1TB,3K OLED,Touchscreen,14""(35.5 cm),144Hz,Win 11,M365 Basic(1Y),Office 24,Black,0.79 Kg,HT7407NA-SN024WS,Creator/Gaming Laptop",269990.0,,ASUS,32,512.0,Black,Apple M365
"HP 15, 13th Gen Intel Core i3-1315uLaptop 8GB DDR4,512GB SSD Anti-Glare, Micro-Edge,15.6''/39.6cm, FHD, Win11,M365 Basic(1yr),Office Home24, Silver,1.59kg, FHD Camera w/Privacy Shutter, fd0569TU",54800.0,,HP,8,512.0,Silver,Apple M365
"Apple 2026 MacBook Pro Laptop with M5 Pro chip with 15‑core CPU and 16‑core GPU: Built for AI, 35.97 cm (14.2″) Liquid Retina XDR Display, 24GB Unified Memory, 2TB SSD Storage; Silver",342490.0,,Apple,24,2048.0,Silver,Apple M5
"Dell 15 (Previously Inspiron) Laptop, 14th Gen Intel Core i3/Core 3 100U Processor, 8GB DDR4, 512 SSD, 15.6"" FHD 120Hz IPS AG 250 nit Display, Win 11 + Office H&S 2024, Carbon Black, 1.63Kg",57490.0,,Dell,8,512.0,Black,Intel
"ASUS ROG Strix G16, Intel Core Ultra 9 275HX, Gaming Laptop(RTX 5060-8GB/115W TGP/16GB/1TB /2.5K QHD+/16""/240Hz/90WHrs/Windows 11/M365 Basic (1Year)*/Office Home 2024/Eclipse Gray/) G615LM-S5128WS",200042.0,,ASUS,8,512.0,Gray,Apple M365
"HP Business 250R G10 (2025) Thin & Light Laptop with Intel Core 3 14th Gen 100U, 16GB RAM, 512GB SSD, 15.6″ IPS Display, Copilot Key, Windows 11 Pro & MS Office 2024, Turbo Silver (1.5 kg)",62050.0,,HP,16,512.0,Silver,Intel
"ASUS Vivobook 14, (i5 14th Gen) Intel Core 5 120U, Thin & Light Laptop(16GB RAM/512GB SSD/FHD/14/60Hz/Fingerprint Reader/M365 Basic (1Year)*/Office Home 2024/Quiet Blue/1.4 Kg) X1404VAP-EB1542WS",66980.0,,ASUS,16,512.0,Blue,Apple M365
"Acer Aspire 3 Laptop A325-42 | 15.6"" (39.6 cm) FHD IPS Display | AMD Ryzen 3 5400U | 8GB DDR4 RAM | 256GB NVMe SSD | Windows 11 Home | AMD Radeon Graphics | Wi-Fi 6 | Steel Gray | 1.78 Kg",40999.0,,Acer,8,512.0,Gray,Apple A325
"HP 15 (2025), Intel Core i3 13th Gen 1315U - (32 GB/512 GB SSD/Intel UHD Graphics/Windows 11 Home) Thin and Light Business Laptop/15.6"" HD Display/Ash Grey/1.5 kg/MS Office 2021",69900.0,,HP,16,512.0,Grey,Intel
Lenovo V15 G3 IAP Laptop RYZEN 3-7320u / 8GB DDR4 / 512 GB SSD PCIe / 15.60 FHD TN Display/Windows 11/Ms-Office/Silver (Grey) / 1 Year Onsite Warranty,48999.0,,Lenovo,8,512.0,Silver,
"Acer Aspire Lite, AMD Ryzen 3-5400U, Office 2024 + M365 Basic, 8GB RAM/512GB SSD, Full HD IPS, 15.6""/39.62 cm, Windows 11 Home, Steel Gray, 1.59 KG, AL15-41, Metal Body, Premium Thin and Light Laptop",42990.0,,Acer,8,512.0,Gray,Apple M365
"Dell 15 AI Powered Laptop, Intel Core Ultra 5 225H, 8GB DDR5 RAM, 512GB SSD, 15.6"" FHD Anti-Glare Display, Intel Arc Graphics, Standard Keyboard, Dedicated Copilot Key, Black, Win11 Home + MSO H&S'24",73490.0,,Dell,8,512.0,Black,Intel
"Apple 2026 MacBook Air 13″ Laptop with M5 chip: AI and Apple Intelligence, 34.46 cm (13.6″) Liquid Retina Display, 24GB Unified Memory, 1TB SSD Storage, 12MP Center Stage Camera, Touch ID; Midnight",194990.0,,Apple,24,1024.0,Silver,Apple M5
Acer Pro 15 Ryzen 3 7320U 15.6 inch Full HD,49990.0,,Acer,16,512.0,Black,
"HP 15, 13th Gen Intel Core i3-1315uLaptop 8GB DDR4,512GB SSD Anti-Glare, Micro-Edge,15.6''/39.6cm, FHD, Win11,M365 Basic(1yr),Office Home24, Silver,1.59kg, FHD Camera w/Privacy Shutter, fd0569TU",54800.0,,HP,8,512.0,Silver,Apple M365
"Lenovo V15 G4 Laptop, AMD Athlon Silver 7120U, 8GB LPDDR5 RAM, 512GB PCIe SSD, 15.6"" FHD Display, Radeon 610M Graphics, Windows 11, MS Office 2021 Lifetime, Silver, 1.65 kg",45999.0,,Lenovo,8,512.0,Silver,AMD
"Acer Aspire 3 Laptop A325-42 | 15.6"" (39.6 cm) FHD IPS Display | AMD Ryzen 3 5400U | 8GB DDR4 RAM | 256GB NVMe SSD | Windows 11 Home | AMD Radeon Graphics | Wi-Fi 6 | Steel Gray | 1.78 Kg",40999.0,,Acer,8,512.0,Gray,Apple A325
"Lenovo IdeaPad 5 2-in-1 Intel Core Ultra 5 225H (16GB RAM/512GB SSD/14 (35.5cm)/WUXGA IPS/Windows 11/MS) 365 Basic+Office 2024/Lenovo Digital Pen 2/1Yr ADP/Grey/1.6Kg, 83KR0076IN Convertible Laptop",94990.0,,Lenovo,16,512.0,Grey,Intel
"ASUS Vivobook 14, (i5 14th Gen) Intel Core 5 120U, Thin & Light Laptop(16GB RAM/512GB SSD/FHD/14/60Hz/Fingerprint Reader/M365 Basic (1Year)*/Office Home 2024/Quiet Blue/1.4 Kg) X1404VAP-EB1542WS",66980.0,,ASUS,16,512.0,Blue,Apple M365
"ASUS Vivobook Go 15 (2026),AMD Ryzen 5 40, AMD Radeon iGPU, 16GB RAM, 512GB SSD, FHD, 15.6""(39.6 cm),Windows 11,M365 Basic(1 Year)* Office 2024,Mixed Black,1.63 Kg,E1504FA-BQ2116WS,Thin & Light Laptop",60700.0,,ASUS,16,512.0,Black,Apple M365
"HP 15 (2025), Intel Core i3 13th Gen 1315U - (32 GB/512 GB SSD/Intel UHD Graphics/Windows 11 Home) Thin and Light Business Laptop/15.6"" HD Display/Ash Grey/1.5 kg/MS Office 2021",69900.0,,HP,16,512.0,Grey,Intel
"Dell 15 (Previously Inspiron), R5-7520U Processor, 8GB LPDDR5 RAM, 512GB SSD, FHD 15.6""/39.62 cm Display, Windows 11 Home, Carbon Black, 1.63kg, Standard Keyboard, 15 Month McAfee, Thin & Light Laptop",53990.0,,Dell,8,512.0,Black,
"Lenovo V14 Intel Core i3 13th Gen 14"" FHD (1920x1080) Antiglare 250 Nits Thin and Light Laptop (16GB RAM/512GB SSD/Windows 11 Home/Office Home 2024/Iron Grey/1.43 kg), 83A0A0PCIN",70990.0,,Lenovo,16,512.0,Grey,Intel
"HP Business 250R G10 (2025) Thin & Light Laptop with Intel Core 3 14th Gen 100U, 16GB RAM, 512GB SSD, 15.6″ IPS Display, Copilot Key, Windows 11 Pro & MS Office 2024, Turbo Silver (1.5 kg)",62050.0,,HP,16,512.0,Silver,Intel
HP OmniBook OLED ● Intel Core Ultra 5 322● 46 Tops● 16GB DDR5 (Upgradeable)● 512GB SSD● 2K●14''/35.6cm● 300nits● Win11● Office24● Silver● 1.4kg● hs0052TU● Lighter mini GaN Charger● AI Laptop,110990.0,,HP,16,512.0,Silver,Intel
Lenovo V15 G3 IAP Laptop RYZEN 3-7320u / 8GB DDR4 / 512 GB SSD PCIe / 15.60 FHD TN Display/Windows 11/Ms-Office/Silver (Grey) / 1 Year Onsite Warranty,48999.0,,Lenovo,8,512.0,Silver,
"HP Professional 15 (2026), Intel (i5 14th Gen) Core 5 120U - (8 GB/512 GB SSD/Intel Iris Xe Graphics/Windows 11 Pro) Business Laptop/15.6"" FHD/Backlit + Fingerprint/Silver/Copilot Key/1.5kg/MSO 2024",61440.0,,HP,16,512.0,Silver,Intel
"HP 255R G10 Notebook (AMD Athlon Silver 7120U /8GB/512GB/DOS) 15.6-inch(39.6cm), Anti-Glare, HD Laptop, Radeon Graphics, Silver,1.52kg",43490.0,,HP,8,512.0,Silver,AMD
"ASUS Zenbook S14 (2026),Smartchoice,Intel Core Ultra 5 226V,Intel Arc iGPU,16GB/512GB,3K OLED,Touchscreen,14""(35.5 cm),Windows 11,M365 Basic(1Y),Office 2024,Gray,1.2 Kg,UX5406SA-PZ658WS,Copilot+ PC",136990.0,,ASUS,16,512.0,Gray,Apple M365
"𝗗𝗲𝗹𝗹Laptop Model 5440 | 𝗜𝗡𝗧𝗘𝗟i5 4th Gen Processor |8GB DDR3 RAM |256GB SSD |14"" FHD Display | Win10 | A+ Condition Laptop (Refab)",26000.0,,Unknown,8,256.0,Black,
"Apple 2026 MacBook Pro Laptop with M5 Pro chip with 15‑core CPU and 16‑core GPU: Built for AI, 35.97 cm (14.2″) Liquid Retina XDR Display, 24GB Unified Memory, 2TB SSD Storage; Silver",342490.0,,Apple,24,2048.0,Silver,Apple M5
"Apple 2026 MacBook Air 13″ Laptop with M5 chip: AI and Apple Intelligence, 34.46 cm (13.6″) Liquid Retina Display, 16GB Unified Memory, 1TB SSD Storage, 12MP Center Stage Camera, Touch ID; Sky Blue",172490.0,,Apple,16,1024.0,Blue,Apple M5
"Dell 15 (Previously Inspiron), R5-7520U Processor, 8GB LPDDR5 RAM, 512GB SSD, FHD 15.6""/39.62 cm Display, Windows 11 Home, Carbon Black, 1.63kg, Standard Keyboard, 15 Month McAfee, Thin & Light Laptop",53990.0,,Dell,8,512.0,Black,
"HP Professional 15 (2026), Intel (i7 14th Gen) Core 7 150U - (32 GB/512 GB SSD/Intel Iris Xe Graphic/Windows 11 Pro) Business Laptop/15.6"" FHD/Backlit + Fingerprint/Silver/Copilot Key/1.5kg/MSO 2024",93990.0,,HP,16,512.0,Silver,Intel
NEW Microsoft Surface Laptop (7th Edition) - Windows 11 Home Copilot + PC - 13.8” LCD PixelSense Touchscreen - Qualcomm Snapdragon X Elite (12 Core) - 16GB RAM - 1TB SSD - Graphite - ZXX-00059,170999.0,,NEW,16,1024.0,Black,Snapdragon
"MSI Katana 15, Intel 14th Gen. i7-14650HX, 40CM QHD 165Hz Gaming Laptop (16GB/1TB NVMe SSD/Windows 11 Home/NVIDIA GeForce RTX 5060, GDDR7 8GB/Black/2.4Kg) B14WFK-262IN",159990.0,,MSI,16,512.0,Black,Intel
"HP Professional 14 (2026) – Intel Core 5 120U (14th Gen), 16GB RAM, 512GB SSD, Windows 11 Pro, MSO 2024, Copilot Key, Fingerprint Reader, Intel Iris Xe Graphics, 14″ FHD Display, 1.53Kg – Turbo Silver",68480.0,,HP,16,512.0,Silver,Intel
"Lenovo Thinkpad P16s Intel Core Ultra 7 155H 16""(40.64 cm) WUXGA IPS 300Nits, AI Ready Thin and Light Workstation (32GB/1TB SSD/Win11 Pro/Backlit/NVIDIA RTX 4GB/Black/3Y Premier/1.82Kg), 21KSS0AK00",245000.0,,Lenovo,32,1024.0,Black,Intel
"Apple 2026 MacBook Pro Laptop with M5 Max chip with 18‑core CPU and 32‑core GPU: Built for AI, 41.05 cm (16.2″) Liquid Retina XDR Display, 36GB Unified Memory, 2TB SSD Storage; Space Black",513990.0,,Apple,36,2048.0,Black,Apple M5
"Lenovo V15 G4 Laptop, AMD Athlon Silver 7120U, 8GB LPDDR5 RAM, 512GB PCIe SSD, 15.6"" FHD Display, Radeon 610M Graphics, Windows 11, MS Office 2021 Lifetime, Silver, 1.65 kg",45999.0,,Lenovo,8,512.0,Silver,AMD
Acer Pro 15 Ryzen 3 7320U 15.6 inch Full HD,49990.0,,Acer,16,512.0,Black,
"Apple 2026 MacBook Air 13″ Laptop with M5 chip: AI and Apple Intelligence, 34.46 cm (13.6″) Liquid Retina Display, 24GB Unified Memory, 1TB SSD Storage, 12MP Center Stage Camera, Touch ID; Midnight",194990.0,,Apple,24,1024.0,Sky Blue,Apple M5
𝗗𝗲𝗹𝗹Laptop Model E7270 Laptop | InteI Core i5 6th Gen | 8GB RAM | 256GB SSD | 14” FHD Display | Win 10 | Business Laptop | Seller Warranty | A+ Condition (Refab),26000.0,,Unknown,8,256.0,Black,
"Acer TravelLite TL04-41M 14.0"" FHD Thin and Light Laptop (AMD Ryzen 3 5400U / 16GB RAM / 512GB SSD/Windows 11 Home + MS Office Home & Student 2021 / Wi-Fi 6 / HD Webcam) Sleek Metal Body",49999.0,,Acer,16,512.0,Black,AMD
"Samsung Galaxy Book 4 15.6"" Full HD | Intel Core i5 1335U | 16GB RAM | 512GB SSD | Silver",69990.0,,Samsung,16,512.0,Silver,Intel
"Certified Model T14 Gen1 10th Gen Core i5 Thin & Light Laptop (16 GB DDR4 RAM|256 GB SSD|14"" FHD Touchscreen|Windows 11 Pro|MS Office|UHD Graphics (Pre- Owned)",31999.0,,Certified,4,256.0,Black,
"Acer ALG, 13th Gen Intel Core i5-13420H, NVIDIA GeForce RTX 3050-6GB DDR6, 16GB RAM, 512GB SSD, FHD 15.6""/39.62 cm, 144Hz, Windows 11 Home, Steel Gray, 1.99 KG, AL15G-53,Gaming Laptop",87900.0,,Acer,6,512.0,Gray,Intel
"DELL 14 (2025) Intel Core i3 10th Gen 1305U - (4 GB/512 GB SSD/Intel UHD Graphics/Windows 11 Pro) Thin and Light Business Laptop/14.0"" FHD+ IPS Display/Ice Blue/1.4 kg/MSO 2021/1 Year ADP Warranty",54335.0,,DELL,16,512.0,Blue,Intel
"Lenovo IdeaPad Slim 3 13th Gen Core i5-13420H 15.3 inch (38.8cm) WUXGA IPS Laptop (16GB RAM/512GB SSD/Windows 11/Office Home 2024/Backlit Keyboard/1Yr ADP Free/3 Mon. Game Pass/Grey/1.6Kg), 83K100C6IN",72240.0,,Lenovo,16,512.0,Grey,
"Dell 15 AI Powered Laptop, Intel Core Ultra 5 225H, 8GB DDR5 RAM, 512GB SSD, 15.6"" FHD Anti-Glare Display, Intel Arc Graphics, Standard Keyboard, Dedicated Copilot Key, Black, Win11 Home + MSO H&S'24",73490.0,,Dell,8,512.0,Black,Intel
"Apple 2026 MacBook Neo 13″ Laptop with A18 Pro chip: Built for AI and Apple Intelligence, Liquid Retina Display, 8GB Unified Memory, 256GB SSD Storage, 1080p FaceTime HD Camera; Silver",73990.0,,Apple,8,256.0,Silver,Apple A18
"Dell 15 (Previously Inspiron), R5-7520U Processor, 8GB LPDDR5 RAM, 512GB SSD, FHD 15.6""/39.62 cm Display, Windows 11 Home, Carbon Black, 1.63kg, Standard Keyboard, 15 Month McAfee, Thin & Light Laptop",53990.0,,Dell,8,512.0,Black,
"Apple 2026 MacBook Pro Laptop with M5 Max chip with 18‑core CPU and 32‑core GPU: Built for AI, 41.05 cm (16.2″) Liquid Retina XDR Display, 36GB Unified Memory, 2TB SSD Storage; Space Black",513990.0,,Apple,36,2048.0,Black,Apple M5
"DELL 14 (2025) Intel Core i3 10th Gen 1305U - (4 GB/512 GB SSD/Intel UHD Graphics/Windows 11 Pro) Thin and Light Business Laptop/14.0"" FHD+ IPS Display/Ice Blue/1.4 kg/MSO 2021/1 Year ADP Warranty",54335.0,,DELL,16,512.0,Blue,Intel
"HP Victus, Intel Core 7 240H, 8GB RTX 5050, 24GB DDR5(Upgradeable) 1TB SSD, FHD, 144Hz, 300 nits, IPS, 15.6''/39.6cm, Win11, M365* Office24, Mica Silver, 2.29kg, fa2409TX, RGB Backlit, Gaming Laptop",148000.0,,HP,8,1024.0,Silver,Apple M365
"Lenovo IdeaPad 5 2-in-1 Intel Core Ultra 5 225H (16GB RAM/512GB SSD/14 (35.5cm)/WUXGA IPS/Windows 11/MS) 365 Basic+Office 2024/Lenovo Digital Pen 2/1Yr ADP/Grey/1.6Kg, 83KR0076IN Convertible Laptop",94990.0,,Lenovo,16,512.0,Grey,Intel
"Acer Aspire Lite (2026) AMD Ryzen 3 Quad Core 5300U - (8 GB/512 GB SSD/AMD Radeon Graphics/Windows 11 Home) AL15-41 Thin and Light Laptop (15.6 Inch FHD IPS, Steel Grey, 1.5 Kg/MS Office 2024",44680.0,,Acer,16,512.0,Grey,AMD
"Acer TravelLite Thin Laptop AMD Ryzen 5 7430U |16GB RAM, 512GB SSD | 14"" Full HD Anti-Glare Display |Privacy Shutter| Windows 11 & MS-Office 2021 | Metal Body | 1.34Kg | Black | 30 Months Warranty",53900.0,,Acer,16,512.0,Black,AMD
"ASUS Vivobook Go 15 (2026),AMD Ryzen 5 40, AMD Radeon iGPU, 16GB RAM, 512GB SSD, FHD, 15.6""(39.6 cm),Windows 11,M365 Basic(1 Year)* Office 2024,Mixed Black,1.63 Kg,E1504FA-BQ2116WS,Thin & Light Laptop",60700.0,,ASUS,16,512.0,Black,Apple M365
Acer Pro 15 Ryzen 3 7320U 15.6 inch Full HD,49990.0,,Acer,16,512.0,Black,
"Lenovo V14 Intel Core i3 13th Gen 14"" FHD (1920x1080) Antiglare 250 Nits Thin and Light Laptop (16GB RAM/512GB SSD/Windows 11 Home/Office Home 2024/Iron Grey/1.43 kg), 83A0A0PCIN",70990.0,,Lenovo,16,512.0,Grey,Intel
"HP Professional 14 (2026), Intel (i5 14th Gen) Core 5 120U - (16 GB/512 GB SSD/Intel Iris Xe Graphic/Windows 11 Home) Business Laptop/14.0"" FHD/Backlit + FingerPrint/Silver/Copilot Key/1.4kg/MS Office",68290.0,,HP,16,512.0,Silver,Intel
"ASUS Zenbook S14 (2026),Smartchoice,Intel Core Ultra 5 226V,Intel Arc iGPU,16GB/512GB,3K OLED,Touchscreen,14""(35.5 cm),Windows 11,M365 Basic(1Y),Office 2024,Gray,1.2 Kg,UX5406SA-PZ658WS,Copilot+ PC",136990.0,,ASUS,16,512.0,Gray,Apple M365
"Samsung Galaxy Book4 (Gray, 16GB RAM, 512GB SSD) | 15.6"" Full HD Screen | Intel Core i5 1335U Processor | Windows 11 Home | MS Office 2021 | Fingerprint Reader | Intel Iris XE Graphics | RJ45 LAN Port",69299.0,,Samsung,16,512.0,Gray,Intel
"HP 15 (2026), AMD Ryzen 3 Quad Core 7335U - (16 GB DDR5/512 GB SSD/AMD Radeon 660M Graphics/Windows 11 Pro) Thin and Light Business Laptop/15.6"" Display/Turbo Silver/Copilot Key/1.5kg/MS Office 2024",58990.0,,HP,5,512.0,Silver,AMD
"Acer Aspire 5, Intel Core Ultra 5 125H Processor,Office 2024 + M365 Basic, 16 GB RAM, 512 GB SSD, WUXGA IPS, 14.0""/35.56 cm, Win 11 Home, Pure Silver, 1.2 kg, A514-54H, Backlit KB, Premium Laptop",74990.0,,Acer,16,512.0,Silver,Apple M365
"HP 15 (2025), AMD Ryzen 3 7335U Quad Core - (8 GB DDR5/512 GB SSD/AMD Radeon Graphics/Windows 11 pro) Thin and Light Business Laptop/15.6"" FHD Display/Turbo Silver/1.5 kg/MSO 2024 / Copilot Key AI PC",47999.0,,HP,5,512.0,Silver,AMD
"ASUS Vivobook 15 (2025), 13th Gen,Intel Core i3-1315U, 8GB RAM, 512GB SSD, FHD, 15.6"", 39.6 cm, Windows 11 Home,M365 Basic(1 Year)* Office 2024,Cool Silver,1.7 Kg, X1504VA-D5321WS, Thin & Light Laptop",55990.0,,ASUS,8,512.0,Silver,Apple M365
"Apple 2026 MacBook Pro Laptop with M5 Pro chip with 15‑core CPU and 16‑core GPU: Built for AI, 35.97 cm (14.2″) Liquid Retina XDR Display, 24GB Unified Memory, 2TB SSD Storage; Silver",342490.0,,Apple,24,2048.0,Silver,Apple M5
"Apple 2026 MacBook Air 13″ Laptop with M5 chip: AI and Apple Intelligence, 34.46 cm (13.6″) Liquid Retina Display, 24GB Unified Memory, 1TB SSD Storage, 12MP Center Stage Camera, Touch ID; Midnight",194990.0,,Apple,24,1024.0,Midnight,Apple M5
"Dell 15 (Previously Inspiron), R5-7520U Processor, 8GB LPDDR5 RAM, 512GB SSD, FHD 15.6""/39.62 cm Display, Windows 11 Home, Carbon Black, 1.63kg, Standard Keyboard, 15 Month McAfee, Thin & Light Laptop",53990.0,,Dell,8,512.0,Black,
"ASUS Vivobook 15 (2025), 13th Gen,Intel Core i3-1315U, 8GB RAM, 512GB SSD, FHD, 15.6"", 39.6 cm, Windows 11 Home,M365 Basic(1 Year)* Office 2024,Cool Silver,1.7 Kg, X1504VA-D5321WS, Thin & Light Laptop",55990.0,,ASUS,8,512.0,Silver,Apple M365
"HP 14, 13th Gen Intel Core i5-1334U Laptop (16GB DDR4,512GB SSD) Anti-Glare, Micro-Edge, 14/35.6cm, FHD, Win11, M365 Basic(1yr),Office Home24, Silver,1.4kg, FHD Camera w/Privacy Shutter,ep0340TU",164990.0,,HP,16,512.0,Silver,Apple M365
"Alienware 16 Aurora, Intel Core 7 14th Gen-240H, NVIDIA RTX 5060-8GB, 16GB DDR5, 1TB SSD, WQXGA, 16""/40.64cm, 120Hz, Windows11, MSO-24, Interstellar Indigo, 2.57Kg, Cryo Chamber Cooling, Gaming Laptop",156555.0,,Alienware,8,1024.0,Indigo,Intel
"Lenovo LOQ Intel Core i7-14700HX 15.6"" (39.6cm) 144Hz 300Nits FHD Gaming Laptop (16GB/1TB SSD/Win 11/NVIDIA GeForce RTX 4060 8GB Graphics/100% sRGB/Office 21/1Yr ADP Free/Grey/2.4Kg), 83DV00BEIN",175000.0,,Lenovo,16,1024.0,Grey,Intel
"HP Professional 15 (2026), Intel Core i3 13th Gen 1315U - (16 GB/512 GB SSD/Intel UHD Graphics/Windows 11 Pro) Thin and Light Business Laptop/15.6"" HD Display/Turbo Silver/1.5 kg/MS Office 2024",57990.0,,HP,16,512.0,Silver,Intel
"Lenovo Legion 5 2025 AMD Ryzen 7 260 | NVIDIA RTX 5060 8GB (16GB RAM/1TB SSD/WUXGA IPS/165Hz/15(39.6cm)/Windows 11/Office 2024+AI Now/Black/2.5Kg), 83M00074IN AI Powered Gaming Laptop",185490.0,,Lenovo,8,1024.0,Black,AMD
"Lenovo IdeaPad Slim 3 12th Gen Intel Core i5-12450H 15.6 Inch (39.6cm) FHD Thin & Light Laptop (16GB/512GB SSD/Windows 11/Office Home 2024/3months Game Pass/Arctic Grey/1.62Kg), 83ER00MCIN",70849.0,,Lenovo,16,512.0,Grey,Intel
"Apple 2026 MacBook Pro Laptop with M5 Pro chip with 15‑core CPU and 16‑core GPU: Built for AI, 35.97 cm (14.2″) Liquid Retina XDR Display, 24GB Unified Memory, 2TB SSD Storage; Silver",342490.0,,Apple,24,2048.0,Silver,Apple M5
"Apple 2026 MacBook Air 13″ Laptop with M5 chip: AI and Apple Intelligence, 34.46 cm (13.6″) Liquid Retina Display, 24GB Unified Memory, 1TB SSD Storage, 12MP Center Stage Camera, Touch ID; Midnight",194990.0,,Apple,24,1024.0,Midnight,Apple M5
"Lenovo IdeaPad Slim 3 13th Gen Intel Core i5-13420H 15.3 inch (38.8cm) WUXGA IPS Laptop (16GB RAM/512GB SSD/Windows 11/Office 2024/Top Metal Cover/Backlit KB/Cosmic Blue/1.6Kg), 83K1010GIN",74990.0,,Lenovo,16,512.0,Blue,Intel
HP OmniBook OLED ● Intel Core Ultra 5 322● 46 Tops● 16GB DDR5 (Upgradeable)● 512GB SSD● 2K●14''/35.6cm● 300nits● Win11● Office24● Silver● 1.4kg● hs0052TU● Lighter mini GaN Charger● AI Laptop,110990.0,,HP,16,512.0,Silver,Intel
"Lenovo Yoga Slim 7 Intel Core Ultra 7 155H 14""(35.5cm) WUXGA-OLED 400Nits Laptop (32GB RAM/1TB SSD/AI PC/2Wx4 Speakers/Windows 11/Office Home 2024/1Yr ADP Free/Grey/1.39Kg), 83CV00D3IN",141500.0,,Lenovo,32,1024.0,Grey,Intel
"Acer Aspire Lite, AMD Ryzen 5-5625U, Office 2024 + M365 Basic, 16GB, 512GB, FHD 15.6""/39.62 cm, Windows 11 Home, Steel Gray, 1.59 KG, AL15-41, Premium Thin and Light Laptop",59990.0,,Acer,16,512.0,Gray,Apple M365
"MSI Pulse 17 AI, Intel Core Ultra 7 155H, Built-in AI, 43CM 16:10 QHD+ 240Hz Gaming Laptop(16GB/1TB NVMe SSD/Windows 11 Home/NVIDIA GeForce RTX 4070, /Core Black/2.8Kg), C1VGKG-031IN",174990.0,,MSI,16,512.0,Black,Intel
"HP Professional 14 (2025), Intel Core i3 13th Gen 1315U - (8 GB/512 GB SSD/Intel UHD Graphics/Windows 11 Pro) Thin and Light Business Laptop/14.0"" HD Display/Turbo Silver/1.4 Kg/MSO 2021",56990.0,,HP,16,512.0,Silver,Intel
"Lenovo Legion 5 Intel Core i7-14650HX 16"" (40.64cm) WQXGA IPS 350Nits 165Hz Gaming Laptop (16GB/1TB SSD/Win 11/Office 2021/NVIDIA RTX 4070 8GB/100%sRGB/Alexa/3 Month Game Pass/Grey/2.3Kg), 83DG009DIN",219990.0,,Lenovo,16,1024.0,Grey,Intel
"Dell 15 AI Powered Laptop, Intel Core Ultra 5 225H, 8GB DDR5 RAM, 512GB SSD, 15.6"" FHD Anti-Glare Display, Intel Arc Graphics, Standard Keyboard, Dedicated Copilot Key, Black, Win11 Home + MSO H&S'24",73490.0,,Dell,8,512.0,Black,Intel
"Apple 2026 MacBook Neo 13″ Laptop with A18 Pro chip: Built for AI and Apple Intelligence, Liquid Retina Display, 8GB Unified Memory, 256GB SSD Storage, 1080p FaceTime HD Camera; Silver",73990.0,,Apple,8,256.0,Silver,Apple A18
"Dell 15 (Previously Inspiron), R5-7520U Processor, 8GB LPDDR5 RAM, 512GB SSD, FHD 15.6""/39.62 cm Display, Windows 11 Home, Carbon Black, 1.63kg, Standard Keyboard, 15 Month McAfee, Thin & Light Laptop",53990.0,,Dell,8,512.0,Black,
"Lenovo Legion 5 Intel Core i7-14650HX 16"" (40.64cm) WQXGA IPS 350Nits 165Hz Gaming Laptop (16GB/1TB SSD/Win 11/Office 2021/NVIDIA RTX 4070 8GB/100%sRGB/Alexa/3 Month Game Pass/Grey/2.3Kg), 83DG009DIN",219990.0,,Lenovo,16,1024.0,Grey,Intel
"Lenovo IdeaPad Slim 5 Intel Core Ultra 7 355 Next-Gen AI PC (16GB RAM/512GB SSD/14 (35.5cm)/WUXGA OLED/Copilot+ PC/Windows 11/MSO 365 Basic+Office 2024/1Yr ADP Free/Grey/1.4Kg), 83S5005KIN",136990.0,,Lenovo,16,512.0,Grey,Intel
"HP 15, AMD Ryzen 7 7730U (16GB DDR4,512GB SSD) Anti-Glare, Micro-Edge,15.6''/39.6cm, FHD, Win11, M365 Basic(1yr),Office Home24,Silver,1.59kg,FHD Camera w/Privacy Shutter, Backlit KB-Laptop, fc0761AU",69990.0,,HP,16,512.0,Silver,Apple M365
"ASUS TUF A15 (2026),Smartchoice,AMD Ryzen 7 8845HS,RTX 3050-4GB,16GB RAM (Upgradeable),512GB SSD,FHD,15.6""(39.6 cm),144Hz,Win 11,M365 Basic(1Y),Office 24,Black,2.3 Kg,FA506NCG-HN192WS,Gaming Laptop",119990.0,,ASUS,4,512.0,Black,Apple M365
"Lenovo LOQ, Intel Core i7 14th Gen 14700HX, NVIDIA RTX 5060 8GB, 16GB RAM, 1TB SSD, 15.6""(39.6cm), 144Hz, Windows 11, Office 2024, Grey, 2.4Kg, 83JE00U5IN, 572 AI Tops, 3 Mon. Game Pass Gaming Laptop",158990.0,,Lenovo,8,1024.0,Grey,Intel
"Dell G Series, Intel Core i5-13450HX, 13th Gen, NVIDIA RTX 3050-6GB, 16GB, 512GB SSD, FHD, 15.6""/39.62cm, Windows 11, MSO'24, Dark Shadow Gray, 2.65KG, [G15-5530], Backlit Keyboard, Gaming Laptop",105540.0,,Dell,6,512.0,Gray,Intel
"HP 15 Smartchoice, Intel Core Ultra 5 125H, 12 Tops (16GB DDR5, 512GB SSD) FHD, IPS, 15.6''/39.6cm, Win11, M365(1yr)* Office24, Silver, 1.65kg, fd1254TU, FHD Camera w/Shutter, AI Powered Laptop",108762.8769574944,,HP,16,512.0,Silver,Apple M365
"Lenovo V14 Intel Core i3 13th Gen 14"" FHD (1920x1080) Antiglare 250 Nits Thin and Light Laptop (16GB RAM/512GB SSD/Windows 11 Home/Office Home 2024/Iron Grey/1.43 kg), 83A0A0PCIN",70990.0,,Lenovo,16,512.0,Grey,Intel
Acer Pro 15 Ryzen 3 7320U 15.6 inch Full HD,49990.0,,Acer,16,512.0,Black,
"HP ProBook 445 G9 Business Laptop, 14"" FHD Non-Touch Display, AMD Ryzen 5 5625U Processor, 16GB RAM, 1TB SSD, IR Camera, Backlit Keyboard, Wi-Fi 6, RJ-45, HDMI, Windows 11 Pro, Silver",78000.0,,HP,16,1024.0,Silver,AMD
"Lenovo LOQ 2025 Intel Core i7-13650HX | NVIDIA RTX 5050 8GB (16GB RAM/1TB SSD/144Hz Refresh Rate/440 AI TOPS/15.6"" (39.6cm)/Windows 11/Office 2024/3 Mon.Game Pass/Grey/2.4Kg), 83JE010SIN",176990.0,,Lenovo,8,1024.0,Grey,Intel
"DELL 14 (2026) Intel Core 3 14th Gen 100U - (16 GB DDR5/512 GB SSD/Intel UHD Graphics/Windows 11 Home) Thin and Light Business Laptop/14.0"" FHD+ IPS Display/Ice Blue/1.4 kg/MSO 2021",63410.0,,DELL,5,512.0,Blue,Intel
"HP 15 (2026), AMD Ryzen 5 Hexa Core 7535U - (16 GB DDR5/512 GB SSD/AMD Radeon 660M Graphics/Windows 11 Home) Thin and Light Business Laptop/15.6"" FHD Display/Turbo Silver/Copilot Key/1.5kg/MSO 2024",65769.0,,HP,5,512.0,Silver,AMD
"ASUS Vivobook Go 14 (2026),AMD Ryzen 5 40,AMD Radeon iGPU,8GB RAM,512GB SSD,FHD, 14""(35.5 cm),Windows 11 Home,M365 Basic(1 Year)* Office 2024,Cool Silver, 1.38 Kg, E1404FA-EB1225WS,Thin & Light Laptop",54990.0,,ASUS,8,512.0,Silver,Apple M365
"HP Professional 15 (2026), Intel Core i5 13th Gen 1334U - (32 GB/512 GB SSD/Intel Iris Xe Graphics/Windows 11 Pro) Thin and Light Business Laptop/15.6"" FHD Display/Backlit/Turbo Silver/1.5 kg/MSO 2021",85000.0,,HP,16,512.0,Silver,Intel
"Microsoft Surface Laptop 13"" - Windows 11 Home - Copilot+ PC - PixelSense Touchscreen Display - Snapdragon X Plus (8 Core) - 16GB RAM - 256GB SSD - Platinum. with Microsoft 365 for 6 Months*",134990.0,,Microsoft,16,256.0,Black,Snapdragon
"Apple 2026 MacBook Pro Laptop with M5 Pro chip with 15‑core CPU and 16‑core GPU: Built for AI, 35.97 cm (14.2″) Liquid Retina XDR Display, 24GB Unified Memory, 2TB SSD Storage; Silver",342490.0,,Apple,24,2048.0,Silver,Apple M5
"Apple 2026 MacBook Air 13″ Laptop with M5 chip: AI and Apple Intelligence, 34.46 cm (13.6″) Liquid Retina Display, 24GB Unified Memory, 1TB SSD Storage, 12MP Center Stage Camera, Touch ID; Midnight",194990.0,,Apple,24,1024.0,Midnight,Apple M5
"Dell 15 (Previously Inspiron), R5-7520U Processor, 8GB LPDDR5 RAM, 512GB SSD, FHD 15.6""/39.62 cm Display, Windows 11 Home, Carbon Black, 1.63kg, Standard Keyboard, 15 Month McAfee, Thin & Light Laptop",53990.0,,Dell,8,512.0,Black,
"Lenovo IdeaPad Slim 3, 13th Gen Intel Core i5-13420H, 16GB RAM, 512GB SSD, WUXGA IPS, 14""/36.8cm, Windows 11, Office Home 2024, Grey, 1.4Kg, Backlit Keyboard, 1Yr ADP Free, 83K00034IN, Laptop",78100.0,,Lenovo,16,512.0,Grey,Intel
"HP ProBook 445 G9 Business Laptop, 14"" FHD Non-Touch Display, AMD Ryzen 5 5625U Processor, 16GB RAM, 1TB SSD, IR Camera, Backlit Keyboard, Wi-Fi 6, RJ-45, HDMI, Windows 11 Pro, Silver",78000.0,,HP,16,1024.0,Silver,AMD
"acer Aspire 3, AMD Ryzen R5 7430U Processor, 16GB, 512 GB, Full HD IPS, 15.6""/39.62 cm, Windows 11 Home, Pure Silver, 1.79 kg, A325-42, Thin and Light Laptop",59990.0,,Acer,16,512.0,Silver,Apple A325
"HP 14, Intel Core 5-120U (16GB DDR4, 512GB SSD), FHD, Micro -Edge, Anti-Glare, 14''/35.6cm, Win11, M365* Office24, Silver, 1.41kg, ep0385tu, FHD Camera, Iris Xe Graphics, Backlit Laptop",69990.0,,HP,16,512.0,Silver,Apple M365
"HP 15 Laptop | AMD Ryzen 7 5825U |16GB DDR4 RAM | 512GB SSD |15.6"" (39.6 cm) FHD Display |AMD Radeon Graphics| Backlit KB | FHD Camera| Win 11| MS Office 2024 + M365*(1-Yr) | Silver |1.59kg |fc0533AU",72900.0,,HP,16,512.0,Silver,Apple M365
"ASUS Vivobook 16 (2026),Intel Core Ultra 5 225H,Intel iGPU,16GB RAM,512GB SSD,FHD+,16""(40 cm),Windows 11 Home,M365 Basic(1 Year),Office 2024,Cool Silver,1.88 kg,X1607CA-MB350WS,Thin & Light Laptop",79990.0,,ASUS,16,512.0,Silver,Apple M365
"ASUS Vivobook 15 (2026),Intel Core 5 120U,(i5-14th Gen),FingerPrint Sensor,8GB RAM,512GB SSD,FHD,15.6""(39.6 cm),Win 11,M365 Basic(1Y),Office 2024,Quiet Blue,1.7 Kg,X1504VAP-IN012WS,Thin & Light Laptop",58990.0,,ASUS,8,512.0,Blue,Apple M365
"Dell 15 AI Powered Laptop, Intel Core Ultra 5 225H, 8GB DDR5 RAM, 512GB SSD, 15.6"" FHD Anti-Glare Display, Intel Arc Graphics, Standard Keyboard, Dedicated Copilot Key, Black, Win11 Home + MSO H&S'24",73490.0,,Dell,8,512.0,Black,Intel
"Lenovo V14 Intel Core i3 13th Gen 14"" FHD (1920x1080) Antiglare 250 Nits Thin and Light Laptop (16GB RAM/512GB SSD/Windows 11 Home/Office Home 2024/Iron Grey/1.43 kg), 83A0A0PCIN",70990.0,,Lenovo,16,512.0,Grey,Intel
"Lenovo V14, Intel Core i5-13420H, 8GB RAM, 512GB SSD, FHD 14” (35.56cm), Windows 11 Home, Luna Grey, 1.37Kg, 83GUA052IG, 250 Nits, 1Y Onsite Warranty, Laptop",58700.0,,Lenovo,8,512.0,Grey,Intel
"ASUS Vivobook 15, 13th Gen, Intel Core i3-1315U, 16GB RAM, 512GB SSD, FHD, Anti-Glare, 15.6"", 39.6 cm, Windows 11 Home, M365 Basic(1yr)* Office24, Quiet Blue, 1.70 kg, X1504VA-BQ342WS, Laptop",62850.0,,ASUS,16,512.0,Blue,Apple M365
"Lenovo V14 G3 14"" FHD Laptop, Intel Core i5-1235U, 16GB DDR4 RAM, 512GB SSD, Intel Iris Xe Graphics, Windows 11, Ms-Office Lifetime Validity, Iron Grey,1.6kg, 1 Year Onsite Brand Warranty",67990.0,,Lenovo,16,512.0,Grey,Intel
Microsoft New Surface Laptop (7th Edition) - Windows 11 Home Copilot + PC - 13.8” LCD PixelSense Touchscreen - Qualcomm Snapdragon X Elite (12 Core) - 16GB RAM - 512GB SSD - Graphite - ZGP-00059,162990.0,,Microsoft,16,512.0,Black,Snapdragon
"ASUS Vivobook Go 14 (2026),AMD Ryzen 5 40,AMD Radeon iGPU,8GB RAM,512GB SSD,FHD, 14""(35.5 cm),Windows 11 Home,M365 Basic(1 Year)* Office 2024,Mixed Black, 1.38 Kg, E1404FA-EB1415WS,Thin & Light Laptop",58990.0,,ASUS,8,512.0,Black,Apple M365
"Lenovo V15 AMD Ryzen 7 7730U 15.6"" (39.62cm) FHD 250 Nits Antiglare Thin and Light Laptop (16GB/512GB SSD/Windows 11/Iron Grey/1.65 Kg) Grey",66999.0,,Lenovo,16,512.0,Grey,AMD
"HP 15, Intel Core i3-1315U-13th Gen Laptop (8GB DDR4 Ram,512GB SSD) Anti-Glare, Micro-Edge,15.6'"" FHD, Win11,M365 Basic(1yr),Office Home24, Silver,1.59kg, FHD Camera Shutter, 15-fd0569TU",54700.0,,HP,8,512.0,Silver,Apple M365
"Apple 2026 MacBook Pro Laptop with M5 Pro chip with 15‑core CPU and 16‑core GPU: Built for AI, 35.97 cm (14.2″) Liquid Retina XDR Display, 24GB Unified Memory, 2TB SSD Storage; Silver",342490.0,,Apple,24,2048.0,Silver,Apple M5
"Apple 2026 MacBook Air 13″ Laptop with M5 chip: AI and Apple Intelligence, 34.46 cm (13.6″) Liquid Retina Display, 16GB Unified Memory, 1TB SSD Storage, 12MP Center Stage Camera, Touch ID; Sky Blue",172490.0,,Apple,16,1024.0,Blue,Apple M5
"Dell 15 (Previously Inspiron), R5-7520U Processor, 8GB LPDDR5 RAM, 512GB SSD, FHD 15.6""/39.62 cm Display, Windows 11 Home, Carbon Black, 1.63kg, Standard Keyboard, 15 Month McAfee, Thin & Light Laptop",53990.0,,Dell,8,512.0,Black,
"Lenovo V14 G3 14"" FHD Laptop, Intel Core i5-1235U, 16GB DDR4 RAM, 512GB SSD, Intel Iris Xe Graphics, Windows 11, Ms-Office Lifetime Validity, Iron Grey,1.6kg, 1 Year Onsite Brand Warranty",67990.0,,Lenovo,16,512.0,Grey,Intel
"HP 14 AI, Intel Core Ultra 7 155H (16GB DDR5, 512GB SSD) FHD, Anti-Glare, 14""/35.6cm, Win11, Office21, Silver, 1.4kg, gr1023TU, Intel Arc Graphics, FHD Camera w/Shutter, Backlit Kb AI Powered Laptop",89900.0,,HP,16,512.0,Silver,Intel
Microsoft New Surface Laptop (7th Edition) - Windows 11 Home Copilot + PC - 13.8” LCD PixelSense Touchscreen - Qualcomm Snapdragon X Elite (12 Core) - 16GB RAM - 512GB SSD - Graphite - ZGP-00059,162990.0,,Microsoft,16,512.0,Black,Snapdragon
"HP Pavilion Plus AI Laptop, Intel Core Ultra 5 125H, 10-12 Tops, 16GB LPDDR5x, 512GB SSD, 14-inch(35.6cm) 300 nits, WQXGA, Intel Arc Graphics, 5MP IR Camera (Win 11, Office 21, Blue, 1.44kg) ew1082TU",94990.0,,HP,16,512.0,Blue,Intel
"Dell 15 Ai Powered Laptop, Intel Core Ultra 7 255H, 16GB DDR5 RAM, 512GB SSD, 15.6"" FHD Anti-Glare Display, Intel Arc Graphics, Backlit Keyboard, Dedicated Copilot Key, Silver, Win11 Home + MSO H&S'24",103990.0,,Dell,16,512.0,Silver,Intel
"Lenovo LOQ 2025 Intel Core i7-14700HX| NVIDIA RTX 5060 8GB (32GB RAM/1TB SSD/144Hz Refresh Rate/572 AI TOPS/15.6"" (39.6cm)/Windows 11/Office 2024/3 Mon. Game Pass/Grey/2.4Kg), 83JE00U3IN",108762.8769574944,,Lenovo,8,1024.0,Grey,Intel
"Lenovo IdeaPad Slim 3 13th Gen Core i5-13420H 15.3 inch (38.8cm) WUXGA IPS Laptop (16GB RAM/1TB SSD/Windows 11/Office Home 2024/Backlit Keyboard/1Yr ADP Free/3 Mon. Game Pass/Grey/1.6Kg), 83K100HSIN",84990.0,,Lenovo,16,1024.0,Grey,
"Lenovo V14 Intel Core i3 13th Gen 14"" FHD (1920x1080) Antiglare 250 Nits Thin and Light Laptop (16GB RAM/512GB SSD/Windows 11 Home/Office Home 2024/Iron Grey/1.43 kg), 83A0A0PCIN",70990.0,,Lenovo,16,512.0,Grey,Intel
Acer Pro 15 Ryzen 3 7320U 15.6 inch Full HD,49990.0,,Acer,16,512.0,Black,
"HP Laptop 14, Intel Core i5-1335U, 14-inch(35.6 cm),FHD,Anti-Glare,16GB DDR4,512GB SSD,Intel Iris X Graphics, Imagepad,Dual Speakers, Windows 11,MSO,Silver,1.4 kg, 14-gr0001TU",67490.0,,HP,16,512.0,Silver,Intel
"HP Premium EP Series (Intel 13th Gen Core i7-1355U, 16GB RAM, 512GB SSD, Win 11, MS Office 2024, Backlit KB, FHD Camera, 14''/35.6cm Anti-Glare Micro-Edge Display, Lightweight 1.4kg, Silver) EP0159TU",85024.0,,HP,16,512.0,Silver,Intel
"Lenovo ThinkPad E14, AMD Ryzen 7 7735HS, 16GB RAM, 512GB SSD, WUXGA IPS 14” (35.56cm), Win 11 Home, Office 2024, Graphite Black, 1.42Kg, 21M3S0QV00, Fingerprint, Backlit, 300 Nits, 1Y Warranty, Laptop",99990.0,,Lenovo,16,512.0,Black,AMD
"HP 14, Intel Celeron Laptop",86990.0,,HP,16,512.0,Black,Intel
HP 15 Core i5 13th Gen (8GB RAM/512GB SSD/FHD/Windows 11/MS Office 21/Backlit Keyboard/15.6” (39.6cm)/Blue/1.59kg) fd0021TU Laptop,63990.0,,HP,8,512.0,Blue,
"Lenovo IdeaPad Slim 3 13th Gen Intel Core i5-13420H 15.3 inch (38.8cm) WUXGA IPS Laptop (16GB RAM/512GB SSD/Windows 11/Office 2024/Top Metal Cover/Backlit KB/Luna Grey/1.6Kg), 83K101JDIN",72790.0,,Lenovo,16,512.0,Grey,Intel
HP OmniBook 7 OLED ● Intel Core Ultra X7 358H● 50 Tops● 32GB LPDDR5x● 1TB SSD● 3K(2880 x 1800)●14''/35.6cm● 500nits● 0.2ms ●Win11● Office24● Silver● 1.4kg● hg0062TU● GaN Charger● MIL-STD tested Laptop,249990.0,,HP,32,1024.0,Silver,Intel
"Apple 2026 MacBook Pro Laptop with M5 Pro chip with 15‑core CPU and 16‑core GPU: Built for AI, 35.97 cm (14.2″) Liquid Retina XDR Display, 24GB Unified Memory, 2TB SSD Storage; Silver",342490.0,,Apple,24,2048.0,Silver,Apple M5
"Apple 2026 MacBook Air 13″ Laptop with M5 chip: AI and Apple Intelligence, 34.46 cm (13.6″) Liquid Retina Display, 24GB Unified Memory, 1TB SSD Storage, 12MP Center Stage Camera, Touch ID; Midnight",194990.0,,Apple,24,1024.0,Sky Blue,Apple M5
"Dell 15 (Previously Inspiron), R5-7520U Processor, 8GB LPDDR5 RAM, 512GB SSD, FHD 15.6""/39.62 cm Display, Windows 11 Home, Carbon Black, 1.63kg, Standard Keyboard, 15 Month McAfee, Thin & Light Laptop",53990.0,,Dell,8,512.0,Black,
"ASUS Vivobook 16 (2026), AMD Ryzen AI 7 445, AMD Radeon iGPU, 16GB RAM, 512GB SSD, FHD+, 16"", (40 cm), Windows 11, M365 Basic(1 Year)* Office 2024, Quiet Blue, 1.88 kg, M1607GA-MB030WS, Co-Pilot+ PC",94990.0,,ASUS,16,512.0,Blue,Apple M365
"Lenovo Yoga Slim 9 Intel Evo Core Ultra 7 258V Touchscreen Laptop (32GB RAM/1TB SSD/14 (35.5cm)/4K WQUXGA OLED/AI PC AI Now/Copilot+ PC/Windows 11/Office 2024/1Yr ADP/Teal/1.2Kg), 83CX002LIN",199990.0,,Lenovo,32,1024.0,Black,Intel
"HP Laptop 14, Intel Core i5-1335U, 14-inch(35.6 cm),FHD,Anti-Glare,16GB DDR4,512GB SSD,Intel Iris X Graphics, Imagepad,Dual Speakers, Windows 11,MSO,Silver,1.4 kg, 14-gr0001TU",67490.0,,HP,16,512.0,Silver,Intel
"Dell Inspiron 5440 Notebook Computer, Intel Core 3 100U 14th Gen Processor, 8GB DDR5 RAM, 512GB SSD, 14"" FHD+ Screen, Ubuntu, 1Yr Warranty, Ice Blue",51990.0,,Dell,8,512.0,Blue,Intel
"Lenovo LOQ 2025 Intel Core i7-14700HX| NVIDIA RTX 5060 8GB (32GB RAM/1TB SSD/144Hz Refresh Rate/572 AI TOPS/15.6"" (39.6cm)/Windows 11/Office 2024/3 Mon. Game Pass/Grey/2.4Kg), 83JE00U3IN",108762.8769574944,,Lenovo,8,1024.0,Grey,Intel
"HP 14, Intel Celeron Laptop",86990.0,,HP,16,512.0,Black,Intel
"Lenovo LOQ 2025 Intel Core i7-14700HX| NVIDIA RTX 5060 8GB (32GB RAM/1TB SSD/144Hz Refresh Rate/572 AI TOPS/15.6"" (39.6cm)/Windows 11/Office 2024/3 Mon. Game Pass/Grey/2.4Kg), 83JE00T3IN",215990.0,,Lenovo,8,1024.0,Grey,Intel
"Lenovo V14 Intel Core i3 13th Gen 14"" FHD (1920x1080) Antiglare 250 Nits Thin and Light Laptop (16GB RAM/512GB SSD/Windows 11 Home/Office Home 2024/Iron Grey/1.43 kg), 83A0A0PCIN",70990.0,,Lenovo,16,512.0,Grey,Intel
"Dell 15 AI Powered Laptop, Intel Core Ultra 5 225H, 8GB DDR5 RAM, 512GB SSD, 15.6"" FHD Anti-Glare Display, Intel Arc Graphics, Standard Keyboard, Dedicated Copilot Key, Black, Win11 Home + MSO H&S'24",73490.0,,Dell,8,512.0,Black,Intel
"Alienware 18 Area-51 2025 New Gaming Laptop, NVIDIA RTX 5080 16GB GDDR7, Intel Ultra 9 275HX Up to 5.4GHz, 18"" QHD+ 300Hz, 64 GB DDR5, 2 TB SSD, Backlit KB, 4K Camera, Windows 11 Pro & Office Lifetime",999990.0,,Alienware,16,2048.0,Black,Intel
"Lenovo IdeaPad Slim 3 Intel Core Ultra 7 355 Next-Gen AI PC (16GB RAM/512GB SSD/15.3"" (38.86cm)/WUXGA IPS/Copilot+ PC/Windows 11/MSO 365 Basic+Office 2024/Backlit Keyboard/Grey/1.6Kg), 83UR009PIN",118990.0,,Lenovo,16,512.0,Grey,Intel
"Lenovo LOQ 2025 AMD Ryzen 7 250| NVIDIA RTX 5060 8GB (24GB RAM/1TB SSD/144Hz Refresh Rate/572 AI TOPS/15.6"" (39.6cm)/Windows 11/Office 2024/3 Mon. Game Pass/Grey/2.4Kg), 83JG008MIN",174500.0,,Lenovo,8,1024.0,Grey,AMD
NEW Microsoft Surface Laptop (7th Edition) - Windows 11 Home Copilot + PC - 15” LCD PixelSense Touchscreen - Qualcomm Snapdragon X Elite (12 Core) - 16GB RAM - 1TB SSD - Graphite - ZYT-00048,186990.0,,NEW,16,1024.0,Black,Snapdragon
"Dell Precision 7770 Mobile Workstation - 17.3"" FHD AG Display - 4.8 GHz Intel Core i7-12850HX 16-Core - 2TB SSD - 64GB RAM - NV RTX A4500 (16GB GDDR6) - Windows 11 Pro",349990.0,,Dell,64,2048.0,Black,Apple A4500
"Acer Aspire Lite, AMD Ryzen 3 7330U Processor, 8 GB RAM, 512 GB SSD, Full HD, 15.6""/39.62cm, Windows 11 Home, Steel Gray, 1.6KG, AL15-41, Metal Body, Premium Thin and Light Laptop",46590.0,,Acer,16,512.0,Gray,AMD
"HP Victus, AMD Ryzen 7 7445HS, 6GB RTX 3050, 16GB DDR5(Upgradeable) 512GB SSD, 144Hz, IPS, 300nits, FHD, 15.6''/39.6cm, Win11, M365* Office24, Blue, 2.29kg, fb3125AX, Backlit, DTS Audio, Gaming Laptop",98700.0,,HP,6,512.0,Blue,Apple M365
"Apple 2026 MacBook Pro Laptop with M5 Pro chip with 15‑core CPU and 16‑core GPU: Built for AI, 35.97 cm (14.2″) Liquid Retina XDR Display, 24GB Unified Memory, 2TB SSD Storage; Silver",342490.0,,Apple,24,2048.0,Silver,Apple M5
"Apple 2026 MacBook Air 13″ Laptop with M5 chip: AI and Apple Intelligence, 34.46 cm (13.6″) Liquid Retina Display, 16GB Unified Memory, 1TB SSD Storage, 12MP Center Stage Camera, Touch ID; Sky Blue",172490.0,,Apple,16,1024.0,Blue,Apple M5
"Dell 15 (Previously Inspiron), R5-7520U Processor, 8GB LPDDR5 RAM, 512GB SSD, FHD 15.6""/39.62 cm Display, Windows 11 Home, Carbon Black, 1.63kg, Standard Keyboard, 15 Month McAfee, Thin & Light Laptop",53990.0,,Dell,8,512.0,Black,
"ASUS Vivobook 15 (2026),Intel Core 5 120U,(i5-14th Gen),FingerPrint Sensor,8GB RAM,512GB SSD,FHD,15.6""(39.6 cm),Win 11,M365 Basic(1Y),Office 2024,Quiet Blue,1.7 Kg,X1504VAP-IN012WS,Thin & Light Laptop",58990.0,,ASUS,8,512.0,Blue,Apple M365
"HP 15 (2025), AMD Ryzen 3 7335U Quad Core - (8 GB DDR5/512 GB SSD/AMD Radeon Graphics/Windows 11 pro) Thin and Light Business Laptop/15.6"" FHD Display/Turbo Silver/1.5 kg/MSO 2024 / Copilot Key AI PC",47999.0,,HP,5,512.0,Silver,AMD
"Acer Aspire 3 Laptop Intel Core Celeron N4500 Processor Laptop (8 GB LPDDR4X SDRAM/512 GB SSD/Win11 Home/38 WHR/HD Webcam) A325-45 with 39.63 cm (15.6"") HD Display, Pure Silver, 1.5 KG",41890.0,,Acer,4,512.0,Silver,Apple A325
"ASUS Zenbook Duo (2026),Smartchoice,Intel Core Ultra 7 (Series 3),32GB RAM,1TB SSD,3K OLED,Touchscreen,14""(35.5 cm),Win 11,M365 Basic(1Y),Office 24,Moher Gray,1.65 Kg, UX8407AA-SN183WS,Copilot+ PC",299990.0,,ASUS,32,1024.0,Gray,Apple M365
"Lenovo Legion 7 2025 Intel Core Ultra 9 275HX| NVIDIA RTX 5070 8GB (32GB RAM/1TB SSD/WQXGA OLED/240Hz/16(40.64cm)/Windows 11/Office 2024+AI Now/White/2.0Kg), 83KY001GIN AI Powered Gaming Laptop",273490.0,,Lenovo,8,1024.0,White,Intel
"HP Professional 15 (2026), Intel Core i5 13th Gen 1334U - (32 GB/512 GB SSD/Intel Iris Xe Graphics/Windows 11 Pro) Thin and Light Business Laptop/15.6"" FHD Display/Backlit/Turbo Silver/1.5 kg/MSO 2021",85000.0,,HP,16,512.0,Silver,Intel
NEW Microsoft Surface Laptop (7th Edition) - Windows 11 Home Copilot + PC - 13.8” LCD PixelSense Touchscreen - Qualcomm Snapdragon X Elite (12 Core) - 16GB RAM - 1TB SSD - Graphite - ZXX-00059,170999.0,,NEW,16,1024.0,Black,Snapdragon
"Lenovo V14 Intel Core i3 13th Gen 14"" FHD (1920x1080) Antiglare 250 Nits Thin and Light Laptop (16GB RAM/512GB SSD/Windows 11 Home/Office Home 2024/Iron Grey/1.43 kg), 83A0A0PCIN",70990.0,,Lenovo,16,512.0,Grey,Intel
"Dell 15 AI Powered Laptop, Intel Core Ultra 5 225H, 8GB DDR5 RAM, 512GB SSD, 15.6"" FHD Anti-Glare Display, Intel Arc Graphics, Standard Keyboard, Dedicated Copilot Key, Black, Win11 Home + MSO H&S'24",73490.0,,Dell,8,512.0,Black,Intel
𝗗𝗲𝗹𝗹Laptop Model E7270 Laptop | InteI Core i5 6th Gen | 8GB RAM | 256GB SSD | 14” FHD Display | Win 10 | Business Laptop | Seller Warranty | A+ Condition (Refab),26000.0,,Unknown,8,256.0,Black,
"HP 15 (2026), AMD Ryzen 5 Hexa Core 7535U - (8 GB DDR5/512 GB SSD/AMD Radeon 660M Graphics/Windows 11 Pro) Thin and Light Business Laptop/15.6"" FHD Display/Turbo Silver/Copilot Key/1.5kg/MSO 2024",53200.0,,HP,5,512.0,Silver,AMD
"HP 15 255R G10, AMD Ryzen 5 7535U Hexa Core (6 Core, 12 Threads, 2.9 to Max 4.3 Ghz) (8 GB/512 GB SSD/AMD Radeon Graphics/dos) Thin and Light Laptop(15.6 inch HD Display, Matt Silver, 1.45",52999.0,,HP,16,512.0,Silver,AMD
"HP 14 AI, Intel Core Ultra 7 155H (16GB DDR5, 512GB SSD) FHD, Anti-Glare, 14""/35.6cm, Win11, Office21, Silver, 1.4kg, gr1023TU, Intel Arc Graphics, FHD Camera w/Shutter, Backlit Kb AI Powered Laptop",89900.0,,HP,16,512.0,Silver,Intel
"DELL PRO 15 (2025) AMD Ryzen 5 7520U Quad Core - (8 GB DDR5/512 GB SSD/AMD Radeon 610M Graphics/Windows 11 Home) Thin and Light Business Laptop/Backlit/15.6"" FHD Display/Black/1.5 kg/MSO 2021",51790.0,,DELL,5,512.0,Black,AMD
"Lenovo IdeaPad Slim 3 13th Gen Intel Core i3-1315U 15.6"" (39.6cm) FHD Thin and Light Laptop (8GB RAM/512GB SSD/Backlit Keyboard/FHD 1080p Camera/Windows 11/Office 2024/Grey/1.6Kg), 82X700M4IN",60990.0,,Lenovo,8,512.0,Grey,Intel
"Lenovo Yoga Pro 7 Aura Edition Intel Evo Core Ultra 9 285H (32GB RAM/1TB SSD/14.5"" (36.8cm)/3K OLED Touchscreen/AI PC/Copilot+ PC/Windows 11/Office Home 2024 AI Now/Grey/1.5Kg), 83KF004CIN",193990.0,,Lenovo,32,1024.0,Grey,Intel
"Apple 2026 MacBook Air 13″ Laptop with M5 chip: AI and Apple Intelligence, 34.46 cm (13.6″) Liquid Retina Display, 24GB Unified Memory, 1TB SSD Storage, 12MP Center Stage Camera, Touch ID; Midnight",194990.0,,Apple,24,1024.0,Sky Blue,Apple M5
"Apple 2026 MacBook Pro Laptop with M5 Max chip with 18‑core CPU and 32‑core GPU: Built for AI, 35.97 cm (14.2″) Liquid Retina XDR Display, 36GB Unified Memory, 2TB SSD Storage; Silver",475490.0,,Apple,36,2048.0,Silver,Apple M5
Acer Pro 15 Ryzen 3 7320U 15.6 inch Full HD,49990.0,,Acer,16,512.0,Black,
"Acer Chromebook, MediaTek Kompanio 540 Octa-Core Processor, 4GB RAM, 64GB eMMC, Full HD, 11.6""/27.94cm Display, Chrome OS, Black, 1.2 KG, C725, Arm Mali G57 Graphics, WiFi 6E Laptop",19990.0,,Acer,4,512.0,Black,MediaTek
"HP 15 (2025), Intel Core i3 13th Gen 1315U - (16 GB/512 GB SSD/Intel UHD Graphics/Windows 11 Pro) Thin and Light Business Laptop/15.6"" HD Display/Ash Grey/1.5 kg/MS Office 2021",54490.0,,HP,16,512.0,Grey,Intel
"Acer Aspire 3 Laptop Intel Core Celeron N4500 Processor Laptop (8 GB LPDDR4X SDRAM/512 GB SSD/Win11 Home/38 WHR/HD Webcam) A325-45 with 39.63 cm (15.6"") HD Display, Pure Silver, 1.5 KG",41890.0,,Acer,4,512.0,Silver,Apple A325
"ASUS ProArt P16 OLED (2025), AMD Ryzen AI 9 HX 370, RTX 5090-24GB,64GB RAM, 2TB SSD, 16""/40.64cm Touchscreen, 4K, 120Hz,Windows 11,M365 Basic (1Year)*/Office 2024, Nano Black, 1.95Kg,H7606WX-SE028WS",529990.0,,ASUS,24,2048.0,Black,Apple M365
"Lenovo IdeaPad Slim 3 13th Gen Intel Core i3-1315U 15.6"" (39.6cm) FHD Thin and Light Laptop (8GB RAM/512GB SSD/Backlit Keyboard/FHD 1080p Camera/Windows 11/Office 2024/Grey/1.6Kg), 82X700M4IN",60990.0,,Lenovo,8,512.0,Grey,Intel
"Lenovo Thinkpad P16v Intel Core Ultra 7 155H 16""(40.64 cm) WUXGA IPS 300Nits, AI Ready Thin and Light Workstation (32GB/1TB SSD/Win11 Pro/Backlit/NVIDIA RTX 4GB/Black/3Y Premier/2.22Kg), 21KXS05500",231250.0,,Lenovo,32,1024.0,Black,Intel
"Acer ALG, Intel Core7-240H Processor, NVIDIA GeForce RTX 3050-6GB DDR6, 16GB RAM, 512GB SSD, FHD 15.6""/39.62 cm, 144Hz, Windows 11 Home, Steel Gray, 1.99 KG, AL15G-53, Gaming Laptop",87999.0,,Acer,6,512.0,Gray,Intel
"ASUS Vivobook 15 (2026),Intel Core 5 320 (Series 3-Latest Gen),Fingerprint Sensor,Intel iGPU,16GB/512GB,FHD,15.6""(39.6 cm),Win 11,M365 Basic(1Y),Office 24,Quiet Blue,1.7 Kg,X1504MA-BQ126WS, AI Laptop",101990.0,,ASUS,16,512.0,Blue,Apple M365
"Lenovo V14 Intel Core i3 13th Gen 14"" FHD (1920x1080) Antiglare 250 Nits Thin and Light Laptop (16GB RAM/512GB SSD/Windows 11 Home/Office Home 2024/Iron Grey/1.43 kg), 83A0A0PCIN",70990.0,,Lenovo,16,512.0,Grey,Intel
"Dell Precision 7770 Mobile Workstation - 17.3"" FHD AG Display - 4.8 GHz Intel Core i7-12850HX 16-Core - 2TB SSD - 64GB RAM - NV RTX A4500 (16GB GDDR6) - Windows 11 Pro",349990.0,,Dell,64,2048.0,Black,Apple A4500
"HP 15 (2026), AMD Ryzen 5 Hexa Core 7535U - (8 GB DDR5/512 GB SSD/AMD Radeon 660M Graphics/Windows 11 Pro) Thin and Light Business Laptop/15.6"" FHD Display/Turbo Silver/Copilot Key/1.5kg/MSO 2024",53200.0,,HP,5,512.0,Silver,AMD
"Lenovo IdeaPad Slim 3 AMD Ryzen 5 40 15.6"" (39.6cm) FHD Thin and Light Laptop (16GB RAM/512GB SSD/Backlit Keyboard/Windows 11/Microsoft 365 Basic + Office 2024/Grey/1.6Kg), 82XQ01HQIN",68490.0,,Lenovo,16,512.0,Grey,AMD
"Primebook 2 Pro (2026) | 8GB RAM, 128GB UFS Storage | 14.1-Inch FHD IPS Display | 14 Hours Battery | MediaTek Helio G99 | Android 15 (PrimeOS 3.0) | Backlit Keyboard | in-Built AI (Gray)",27490.0,,Primebook,8,512.0,Gray,MediaTek
Acer TravelLite Bussines Laptop TL04-51M | Core 5-120U | 14 INCH FHD IPS | 8GB DDR4 | 512GB | WiFi 6+ BT 5.2 | 1MP HD-CAM | 36WHR | 45W | Black | Windows 11 Home (UN.36JSI.005),50490.0,,Acer,8,512.0,Black,
"DELL PRO 15 (2025) AMD Ryzen 5 7520U Quad Core - (8 GB DDR5/512 GB SSD/AMD Radeon 610M Graphics/Windows 11 Pro) Thin and Light Business Laptop/Backlit/15.6"" FHD Display/Black/1.5 kg/MSO 2021",51100.0,,DELL,5,512.0,Black,AMD
"acer Aspire Lite,13th Gen, Intel Core i5-13420H Processor, 16 GB RAM, 512 GB SSD, Full HD IPS, 15.6""/39.62 cm, Windows 11 Home, MS Office, Pure Silver, 1.70 kg, AL15-52H, Thin and Light Laptop",64390.0,,Acer,16,512.0,Silver,Intel
"Apple 2026 MacBook Air 13″ Laptop with M5 chip: AI and Apple Intelligence, 34.46 cm (13.6″) Liquid Retina Display, 24GB Unified Memory, 1TB SSD Storage, 12MP Center Stage Camera, Touch ID; Midnight",194990.0,,Apple,24,1024.0,Midnight,Apple M5
"Apple 2026 MacBook Air 15″ Laptop with M5 chip: AI and Apple Intelligence, 38.91 cm (15.3″) Liquid Retina Display, 24GB Unified Memory, 1TB SSD Storage, 12MP Center Stage Camera, Touch ID; Midnight",222990.0,,Apple,24,1024.0,Sky Blue,Apple M5
Acer Pro 15 Ryzen 3 7320U 15.6 inch Full HD,49990.0,,Acer,16,512.0,Black,
"Lenovo IdeaPad Slim 3 AMD Ryzen 5 40 15.6"" (39.6cm) FHD Thin and Light Laptop (16GB RAM/512GB SSD/Backlit Keyboard/Windows 11/Microsoft 365 Basic + Office 2024/Grey/1.6Kg), 82XQ01HQIN",68490.0,,Lenovo,16,512.0,Grey,AMD
"Primebook 2 Pro (2026) | 8GB RAM, 128GB UFS Storage | 14.1-Inch FHD IPS Display | 14 Hours Battery | MediaTek Helio G99 | Android 15 (PrimeOS 3.0) | Backlit Keyboard | in-Built AI (Gray)",27490.0,,Primebook,8,512.0,Gray,MediaTek
Acer TravelLite Bussines Laptop TL04-51M | Core 5-120U | 14 INCH FHD IPS | 8GB DDR4 | 512GB | WiFi 6+ BT 5.2 | 1MP HD-CAM | 36WHR | 45W | Black | Windows 11 Home (UN.36JSI.005),50490.0,,Acer,8,512.0,Black,
"DELL PRO 15 (2025) AMD Ryzen 5 7520U Quad Core - (8 GB DDR5/512 GB SSD/AMD Radeon 610M Graphics/Windows 11 Pro) Thin and Light Business Laptop/Backlit/15.6"" FHD Display/Black/1.5 kg/MSO 2021",51100.0,,DELL,5,512.0,Black,AMD
"acer Aspire Lite,13th Gen, Intel Core i5-13420H Processor, 16 GB RAM, 512 GB SSD, Full HD IPS, 15.6""/39.62 cm, Windows 11 Home, MS Office, Pure Silver, 1.70 kg, AL15-52H, Thin and Light Laptop",64390.0,,Acer,16,512.0,Silver,Intel
"HP Laptop 15 Intel Core i3 13th Gen (8GB|512 GB SSD)/Window 11 Home 15-FD0533TU Laptop (15.6 inch,Natural Silver,1.59 kg, with MS Office",55700.0,,HP,8,512.0,Silver,Intel
"Lenovo LOQ AMD Ryzen 5 7235HS | NVIDIA RTX 3050A 4GB (16GB RAM/512GB SSD/144Hz Refresh Rate/15.6"" (39.6cm)/Windows 11/Office Home 2024/3 Mon. Game Pass/Grey/2.4Kg), 83JC00LSIN AI Gaming Laptop",93900.0,,Lenovo,4,512.0,Grey,AMD
"Apple 2026 MacBook Air 13″ Laptop with M5 chip: AI and Apple Intelligence, 34.46 cm (13.6″) Liquid Retina Display, 24GB Unified Memory, 1TB SSD Storage, 12MP Center Stage Camera, Touch ID; Midnight",194990.0,,Apple,24,1024.0,Starlight,Apple M5
"Apple 2026 MacBook Pro Laptop with M5 Max chip with 18‑core CPU and 32‑core GPU: Built for AI, 35.97 cm (14.2″) Liquid Retina XDR Display, 36GB Unified Memory, 2TB SSD Storage; Silver",475490.0,,Apple,36,2048.0,Silver,Apple M5
"HP Elitebook 650 G10 15.6"" FHD Business Laptop Computer, 13th Gen Intel 10-Core i5-1335U (Beat i7-1270P), 32GB DDR4 RAM, 1TB PCIe SSD, WiFi 6E, Bluetooth 5.3, Backlit KB, FR, Windows 11 Pro, AZ-XUT",125990.0,,HP,32,512.0,Black,Intel
"Acer TravelLite Thin Laptop AMD Ryzen 5 7430U (6-Core) |8GB RAM, 512GB SSD | 14"" Full HD Anti-Glare Display |Privacy Shutter| Windows 11| MS Office | Metal Body | 1.34Kg | Black | 30 Months Warranty",50999.0,,Acer,8,512.0,Black,AMD
"Lenovo 14 (2025), Intel Core i5 13th Gen 1335U - (8 GB/512 GB SSD/Intel UHD Graphics/Windows 11 Pro) Thin and Light Business Laptop/14.0"" FHD Display/Iron Grey/1.4 kg/MS Office 2021",58590.0,,Lenovo,16,512.0,Grey,Intel
"𝗗𝗲𝗹𝗹Laptop Model 3410 Business Laptop | Core i5 10th Gen | 8GB DDR4 RAM | 256GB SSD | 14"" Full HD Display | Win 10 | A+Condition (Pre-Owned & Tested)",31900.0,,Unknown,8,256.0,Black,
"MSI Modern 15, Intel 13th Gen. i5-1335U, 40CM FHD 60Hz Laptop (16GB/512GB NVMe SSD/Windows 11 Home/Iris Xe Graphics/Classic Black/1.7Kg), B13M-289IN",51990.0,,MSI,16,512.0,Black,Intel
"Lenovo V14 G4 (2024), AMD Ryzen 3 7320U Quad Core - (8GB/512GB SSD/AMD Radeon Graphics 610M/Windows 11) Thin and Light Business Laptop/14 FHD Display/Silver/1.47 kg/MS Office 2021",48990.0,,Lenovo,8,512.0,Silver,AMD
"ASUS Vivobook Go 15 (2026),AMD Ryzen 5 40,AMD Radeon iGPU,16GB RAM,512GB SSD,FHD,15.6""(39.6 cm),Windows 11 Home,M365 Basic(1 Year),Office 2024,Cool Silver,1.63 Kg,E1504FA-IN2816WS,Thin & Light Laptop",60990.0,,ASUS,16,512.0,Silver,Apple M365
"Apple 2026 MacBook Neo 13″ Laptop with A18 Pro chip: Built for AI and Apple Intelligence, Liquid Retina Display, 8GB Unified Memory, 256GB SSD Storage, 1080p FaceTime HD Camera; Silver",73990.0,,Apple,8,256.0,Silver,Apple A18
"HP Omnibook 3, Snapdragon X Processor 45 Tops (16GB LPDDR5x,512GB SSD) 2K WUXGA, 14''/35.6cm, Win 11, M365*Office 24,Silver,1.42kg, hz0026QU/ hz0024QU, Lighter mini Charger, FHD IR Camera, AI Laptop",69990.0,,HP,16,512.0,Silver,Apple M365
Acer Pro 15 Ryzen 3 7320U 15.6 inch Full HD,49990.0,,Acer,16,512.0,Black,
"HP 15 (i5 14th Gen), Intel Core 5, 16GB RAM (Upgradeable), 512GB SSD, FHD, Anti-Glare, 15.6''/39.6cm, Win11, M365 Basic(1yr), Office24, Silver,1.59kg, fd0682tu, FHD Camera w/Shutter, Backlit Laptop",75990.0,,HP,16,512.0,Silver,Apple M365
"Lenovo Yoga Pro 7 Aura Edition Intel Evo Core Ultra 9 285H (32GB RAM/1TB SSD/14.5"" (36.8cm)/3K OLED Touchscreen/AI PC/Copilot+ PC/Windows 11/Office Home 2024 AI Now/Grey/1.5Kg), 83KF004CIN",193990.0,,Lenovo,32,1024.0,Grey,Intel
"Lenovo LOQ Intel Core i5-13450HX| NVIDIA RTX 3050 6GB (16GB RAM/512GB SSD/144Hz Refresh Rate/15.6"" (39.6cm)/Windows 11/Office Home 2024/3 Mon. Game Pass/Grey/2.4Kg), 83DV018MIN AI Gaming Laptop",100990.0,,Lenovo,6,512.0,Grey,Intel
"ASUS Zenbook Duo (2026),Smartchoice,Intel Core Ultra 7 (Series 3),32GB RAM,1TB SSD,3K OLED,Touchscreen,14""(35.5 cm),Win 11,M365 Basic(1Y),Office 24,Moher Gray,1.65 Kg, UX8407AA-SN183WS,Copilot+ PC",299990.0,,ASUS,32,1024.0,Gray,Apple M365
"Dell Pro 15, Intel Core i5 1334U, 8GB DDR5 RAM, 512GB New Gen SSD,15.6"" FHD+ Display, Backlit Keyboard, Win11 Pro, MSO 2021, Premium Professional Laptop with 3 Years Warranty Antivirus",64810.0,,Dell,8,512.0,Black,Intel
"HP 15, (i3 14th Gen) Intel Core 3 100U (8GB DDR5, 512GB SSD), Win11, M365* Office24, Micro-Edge, Anti-Glare,15.6''/39.6cm,Silver, 1.59kg,FHD Camera with Privact Shutter, Dual Speakers Laptop-fd0883TU",55990.0,,HP,8,512.0,Silver,Apple M365
"Lenovo 15 (2026), AMD Ryzen 5 Quad Core 7520U - (16 GB LPDDR5/512 GB SSD/AMD Radeon 610M Graphics/Windows 11 Pro) Thin and Light Business Laptop/15.6"" FHD Display/Arctic Grey/1.5 kg/MSO 2024",58990.0,,Lenovo,5,512.0,Grey,AMD
"Dell 15 (Previously Inspiron), R5-7520U Processor, 8GB LPDDR5 RAM, 512GB SSD, FHD 15.6""/39.62 cm Display, Windows 11 Home, Carbon Black, 1.63kg, Standard Keyboard, 15 Month McAfee, Thin & Light Laptop",53990.0,,Dell,8,512.0,Black,
"Lenovo V14 Intel Core i3 13th Gen 14"" FHD (1920x1080) Antiglare 250 Nits Thin and Light Laptop (16GB RAM/512GB SSD/Windows 11 Home/Office Home 2024/Iron Grey/1.43 kg), 83A0A0PCIN",70990.0,,Lenovo,16,512.0,Grey,Intel
"Lenovo IdeaPad Slim 3 Ryzen 3 30 15.6"" (39.6cm) FHD Thin and Light Laptop (8GB RAM/512GB SSD/AMD Radeon 610M Graphics/Windows 11/Office 2024/Grey/1.6Kg), 82XQ01VYIN",50990.0,,Lenovo,8,512.0,Grey,AMD
"ASUS Vivobook 16 (2026),Smartchoice,Intel Core Ultra 5 325 (Series 3), Intel iGPU,16GB RAM,512GB SSD,FHD+, 16""(40 cm),Win11,M365 Basic(1Y),Office 24,Quiet Blue,1.88 kg,X1607AA-MB037WS, Copilot+ AI PC",96990.0,,ASUS,16,512.0,Blue,Apple M365
"Lenovo IdeaPad Slim 3 14th Gen Intel Core 5 210H 15.3 inch (38.8cm) WUXGA IPS Laptop (24GB RAM/1TB SSD/Windows 11/Office Home 2024/Backlit Keyboard/1Yr ADP Free/Grey/1.6Kg), 83K4004VIN",92000.0,,Lenovo,24,1024.0,Grey,Intel
"Aspire Lite 13th Gen Intel Core i5-1334U, Office 2024 + M365 Basic, 16 GB RAM/512GB SSD, Full HD, 15.6""/39.62 cm, Win 11 Home, Backlit KB, Steel Gray, 1.59 KG, AL15-53, Metal Body, Thin & Light Laptop",62900.0,,Aspire,16,512.0,Gray,Apple M365
"HP 14, 13th Gen Intel Core i7-1355U Turbo Boost, 32GB DDR4, 1TB SSD, (Win 11 Pro, Office 21, Silver, 1.36kg), Anti-Glare, 14-inch(35.56cm) FHD Laptop, Iris Xe Graphics, Backlit Keyboard 240 G10",103990.0,,HP,32,1024.0,Silver,Intel
"Apple 2026 MacBook Pro Laptop with M5 Pro chip with 15‑core CPU and 16‑core GPU: Built for AI, 35.97 cm (14.2″) Liquid Retina XDR Display, 24GB Unified Memory, 2TB SSD Storage; Silver",342490.0,,Apple,24,2048.0,Silver,Apple M5
"Apple 2026 MacBook Air 13″ Laptop with M5 chip: AI and Apple Intelligence, 34.46 cm (13.6″) Liquid Retina Display, 24GB Unified Memory, 1TB SSD Storage, 12MP Center Stage Camera, Touch ID; Midnight",194990.0,,Apple,24,1024.0,Starlight,Apple M5
Acer Pro 15 Ryzen 3 7320U 15.6 inch Full HD,49990.0,,Acer,16,512.0,Black,
"Apple 2026 MacBook Pro Laptop with M5 Pro chip with 15‑core CPU and 16‑core GPU: Built for AI, 35.97 cm (14.2″) Liquid Retina XDR Display, 24GB Unified Memory, 2TB SSD Storage; Silver",342490.0,,Apple,24,2048.0,Silver,Apple M5
"Dell 15 (Previously Inspiron), R5-7520U Processor, 8GB LPDDR5 RAM, 512GB SSD, FHD 15.6""/39.62 cm Display, Windows 11 Home, Carbon Black, 1.63kg, Standard Keyboard, 15 Month McAfee, Thin & Light Laptop",53990.0,,Dell,8,512.0,Black,
"Dell 15 AI Powered Laptop, Intel Core Ultra 5 225H, 8GB DDR5 RAM, 512GB SSD, 15.6"" FHD Anti-Glare Display, Intel Arc Graphics, Standard Keyboard, Dedicated Copilot Key, Black, Win11 Home + MSO H&S'24",73490.0,,Dell,8,512.0,Black,Intel
"HP Omnibook 3, Snapdragon X Processor 45 Tops (16GB LPDDR5x,512GB SSD) 2K WUXGA, 14''/35.6cm, Win 11, M365*Office 24,Silver,1.42kg, hz0026QU/ hz0024QU, Lighter mini Charger, FHD IR Camera, AI Laptop",69990.0,,HP,16,512.0,Silver,Apple M365
"Apple 2026 MacBook Neo 13″ Laptop with A18 Pro chip: Built for AI and Apple Intelligence, Liquid Retina Display, 8GB Unified Memory, 256GB SSD Storage, 1080p FaceTime HD Camera; Silver",73990.0,,Apple,8,256.0,Silver,Apple A18
Acer Pro 15 Ryzen 3 7320U 15.6 inch Full HD,49990.0,,Acer,16,512.0,Black,
"HP Omnibook 3, Snapdragon X Processor 45 Tops (16GB LPDDR5x,512GB SSD) 2K WUXGA, 14''/35.6cm, Win 11, M365*Office 24,Silver,1.42kg, hz0026QU/ hz0024QU, Lighter mini Charger, FHD IR Camera, AI Laptop",69990.0,,HP,16,512.0,Silver,Apple M365
"Dell 15 (Previously Inspiron), R5-7520U Processor, 8GB LPDDR5 RAM, 512GB SSD, FHD 15.6""/39.62 cm Display, Windows 11 Home, Carbon Black, 1.63kg, Standard Keyboard, 15 Month McAfee, Thin & Light Laptop",53990.0,,Dell,8,512.0,Black,
"Dell 15 AI Powered Laptop, Intel Core Ultra 5 225H, 8GB DDR5 RAM, 512GB SSD, 15.6"" FHD Anti-Glare Display, Intel Arc Graphics, Standard Keyboard, Dedicated Copilot Key, Black, Win11 Home + MSO H&S'24",73490.0,,Dell,8,512.0,Black,Intel
"Dell 15 (Previously Inspiron), R5-7520U Processor, 8GB LPDDR5 RAM, 512GB SSD, FHD 15.6""/39.62 cm Display, Windows 11 Home, Carbon Black, 1.63kg, Standard Keyboard, 15 Month McAfee, Thin & Light Laptop",53990.0,,Dell,8,512.0,Black,
"Dell 15 AI Powered Laptop, Intel Core Ultra 5 225H, 8GB DDR5 RAM, 512GB SSD, 15.6"" FHD Anti-Glare Display, Intel Arc Graphics, Standard Keyboard, Dedicated Copilot Key, Black, Win11 Home + MSO H&S'24",73490.0,,Dell,8,512.0,Black,Intel
"Dell 15 (Previously Inspiron) Laptop, 14th Gen Intel Core i3/Core 3 100U Processor, 8GB DDR4, 512 SSD, 15.6"" FHD 120Hz IPS AG 250 nit Display, Win 11 + Office H&S 2024, Carbon Black, 1.63Kg",57490.0,,Dell,8,512.0,Black,Intel
"Apple 2026 MacBook Neo 13″ Laptop with A18 Pro chip: Built for AI and Apple Intelligence, Liquid Retina Display, 8GB Unified Memory, 256GB SSD Storage, 1080p FaceTime HD Camera; Blush",73990.0,,Apple,8,256.0,Silver,Apple A18
"Apple 2026 MacBook Neo 13″ Laptop with A18 Pro chip: Built for AI and Apple Intelligence, Liquid Retina Display, 8GB Unified Memory, 256GB SSD Storage, 1080p FaceTime HD Camera; Silver",73990.0,,Apple,8,256.0,Silver,Apple A18
"HP Omnibook 3, Snapdragon X Processor 45 Tops (16GB LPDDR5x,512GB SSD) 2K WUXGA, 14''/35.6cm, Win 11, M365*Office 24,Silver,1.42kg, hz0026QU/ hz0024QU, Lighter mini Charger, FHD IR Camera, AI Laptop",69990.0,,HP,16,512.0,Silver,Apple M365
"Lenovo V14 Intel Core i3 13th Gen 14"" FHD (1920x1080) Antiglare 250 Nits Thin and Light Laptop (16GB RAM/512GB SSD/Windows 11 Home/Office Home 2024/Iron Grey/1.43 kg), 83A0A0PCIN",70990.0,,Lenovo,16,512.0,Grey,Intel
"Dell 15 (Previously Inspiron), R5-7520U Processor, 8GB LPDDR5 RAM, 512GB SSD, FHD 15.6""/39.62 cm Display, Windows 11 Home, Carbon Black, 1.63kg, Standard Keyboard, 15 Month McAfee, Thin & Light Laptop",53990.0,,Dell,8,512.0,Black,
"HP 15, Intel Core 5-120U (16GB DDR4, 512GB SSD) FHD, Anti-Glare, Micro-Edge, 15.6''/39.6cm, Win11, M365 Basic(1yr), Office Home24, Silver,1.59kg, fd0682tu, FHD Camera w/Shutter, BL Laptop",68699.0,,HP,16,512.0,Silver,Apple M365
"Dell 15 AI Powered Laptop, Intel Core Ultra 5 225H, 8GB DDR5 RAM, 512GB SSD, 15.6"" FHD Anti-Glare Display, Intel Arc Graphics, Standard Keyboard, Dedicated Copilot Key, Black, Win11 Home + MSO H&S'24",73490.0,,Dell,8,512.0,Black,Intel
"HP Omnibook 3, Snapdragon X Processor 45 Tops (16GB LPDDR5x,512GB SSD) 2K WUXGA, 14''/35.6cm, Win 11, M365*Office 24,Silver,1.42kg, hz0026QU/ hz0024QU, Lighter mini Charger, FHD IR Camera, AI Laptop",69990.0,,HP,16,512.0,Silver,Apple M365
"Lenovo V14 Intel Core i3 13th Gen 14"" FHD (1920x1080) Antiglare 250 Nits Thin and Light Laptop (16GB RAM/512GB SSD/Windows 11 Home/Office Home 2024/Iron Grey/1.43 kg), 83A0A0PCIN",70990.0,,Lenovo,16,512.0,Grey,Intel
Acer Pro 15 Ryzen 3 7320U 15.6 inch Full HD,49990.0,,Acer,16,512.0,Black,
"HP 15, Intel Core 5-120U (16GB DDR4, 512GB SSD) FHD, Anti-Glare, Micro-Edge, 15.6''/39.6cm, Win11, M365 Basic(1yr), Office Home24, Silver,1.59kg, fd0682tu, FHD Camera w/Shutter, BL Laptop",68699.0,,HP,16,512.0,Silver,Apple M365
"Dell 15 AI Powered Laptop, Intel Core Ultra 5 225H, 8GB DDR5 RAM, 512GB SSD, 15.6"" FHD Anti-Glare Display, Intel Arc Graphics, Standard Keyboard, Dedicated Copilot Key, Black, Win11 Home + MSO H&S'24",73490.0,,Dell,8,512.0,Black,Intel
Acer Pro 15 Ryzen 3 7320U 15.6 inch Full HD,49990.0,,Acer,16,512.0,Black,
"Lenovo V14 Intel Core i3 13th Gen 14"" FHD (1920x1080) Antiglare 250 Nits Thin and Light Laptop (16GB RAM/512GB SSD/Windows 11 Home/Office Home 2024/Iron Grey/1.43 kg), 83A0A0PCIN",70990.0,,Lenovo,16,512.0,Grey,Intel
"HP Omnibook 3, Snapdragon X Processor 45 Tops (16GB LPDDR5x,512GB SSD) 2K WUXGA, 14''/35.6cm, Win 11, M365*Office 24,Silver,1.42kg, hz0026QU/ hz0024QU, Lighter mini Charger, FHD IR Camera, AI Laptop",69990.0,,HP,16,512.0,Silver,Apple M365
"Dell 15 AI Powered Laptop, Intel Core Ultra 5 225H, 8GB DDR5 RAM, 512GB SSD, 15.6"" FHD Anti-Glare Display, Intel Arc Graphics, Standard Keyboard, Dedicated Copilot Key, Black, Win11 Home + MSO H&S'24",73490.0,,Dell,8,512.0,Black,Intel
"Apple 2026 MacBook Pro Laptop with M5 Max chip with 18‑core CPU and 40‑core GPU: Built for AI, 41.05 cm (16.2″) Liquid Retina XDR Display, 48GB Unified Memory, 2TB SSD Storage; Space Black",589990.0,,Apple,48,2048.0,Black,Apple M5
Acer Pro 15 Ryzen 3 7320U 15.6 inch Full HD,49990.0,,Acer,16,512.0,Black,
"HP Omnibook 3, Snapdragon X Processor 45 Tops (16GB LPDDR5x,512GB SSD) 2K WUXGA, 14''/35.6cm, Win 11, M365*Office 24,Silver,1.42kg, hz0026QU/ hz0024QU, Lighter mini Charger, FHD IR Camera, AI Laptop",69990.0,,HP,16,512.0,Silver,Apple M365
"Lenovo V14 Intel Core i3 13th Gen 14"" FHD (1920x1080) Antiglare 250 Nits Thin and Light Laptop (16GB RAM/512GB SSD/Windows 11 Home/Office Home 2024/Iron Grey/1.43 kg), 83A0A0PCIN",70990.0,,Lenovo,16,512.0,Grey,Intel
"Apple 2026 MacBook Air 13″ Laptop with M5 chip: AI and Apple Intelligence, 34.46 cm (13.6″) Liquid Retina Display, 24GB Unified Memory, 1TB SSD Storage, 12MP Center Stage Camera, Touch ID; Midnight",194990.0,,Apple,24,1024.0,Midnight,Apple M5
"Apple 2026 MacBook Pro Laptop with M5 Max chip with 18‑core CPU and 32‑core GPU: Built for AI, 35.97 cm (14.2″) Liquid Retina XDR Display, 36GB Unified Memory, 2TB SSD Storage; Space Black",464490.0,,Apple,36,2048.0,Black,Apple M5
